text,sentiment
"Good southern country cooking , great prices nice sized portions I had grilled salmon , collard greens, coconut pie delicious .\n.",negative
"Dim Sum is awesome. Service is super fast, five plates on the table within 2 minutes of seating. Hidden gem.",positive
overcrowded. overrated.,negative
Go during the day and during the week! The guy told us that during the weekend it can be an 1 hour 45 minute wait!,positive
The Thai Ice Tea lacked flavor & watered down. The Chicken Fried Rice was good and the Walnut Shrimp was okay.. I don't think I'll be coming back. The service was good :),negative
This bar is closed Please take this listing down.,negative
Amazing place. Love the outside/inside aspect of it and it's luxury venue makes it an awesome experience. Top Dj's in the world as well.,positive
Service was great food was awful they just switched to infrared ovens so if you liked the old fried food to bad. Stay away from the shrimp tacos yuck!,negative
Start - Meatball. (the best)\nDine - Penne Vodka - (hold the proscutto)\nDesert - head across the way to Payard. - but anything on the menu at Raos is very tasty. \n\nResult? - happy belly.,positive
The driver was really nice but he had to call me a couple of times for directions to my house.,negative
"Food was gooooood. I forgot what I ate, but do you really care?",positive
Wanted to get a sectional reupholstered and ended up with a nightmare of an experience.,negative
"Stopped by for a drink and to check out the karaoke. The drinks were terrible. Out of the 7songs, 5 were Disney show tunes. It was like being in a kid's clubhouse. Not going back.",negative
Always great and fast! Service is always top notch. Beware of big crowds during lunch.,positive
My boyfriend loves this place. $25 haircut and a beer. Yeah.,positive
Nice change of pace from many of the other bars in the area. A fun rock bar with some scantily clad bartenders,positive
"Authentic Mexican food! Visiting in area, but definitely would could back! The chili verde was amazing! Taquitos were fresh and not over fried. Great salsa!",positive
"I don't give anyone a 5, but this was to die for. Scrumptous. The service was impeccible. Lovely, lovely time. Thank you !",positive
It cheaper and is on the strip. Gambling is cheaper to from what you have to start off with. It has alot of people but rooms are smaller.,negative
"Used to be such a great little restaurant but it has gone down. Food is tasteless, portions are small, service is ordinary. Don't know what they did but it ain't what it used to be.",negative
"Hip atmosphere, eclectic mix of food. I had the cubanini and it was satisfying. I want to try the sushi next time.",positive
The service was okay but geez the place smells like pee.,negative
Nom,negative
Just OK. Not worth $175 per seat. Go see Ka instead. The show is about a bunch of people diving into the water....no storyline.,negative
I came here around midnight and they were out of pizza. The cashier/chef has never been very nice and always seems very disengaged.,negative
Lenny was amazing!! Fixed my horrible eyelash job from somewhere else. Will be coming back!,positive
Old men everywhere\n\nSalty pot roast makes me sad\n\nPie is redemption.,negative
This place is fantastic! Love the pizza! Best in town?? Debatable...but very good nonetheless. Good beers on tap and a good wine selection. Wonderful atmosphere and great location. 4 stars!,positive
I like the place. Breads are good. Everything look clean. The only place that have bread I like. Recommend.,positive
Nice big restaurant. Our server was great. Great fresh chips and salsa. Food was hot and delicious. Tortillas tasted like they were made in house.,positive
"Excellent food, great service. Small enviroment, friendly staff. Love eating in and also getting take out.",positive
"Consistently great each time I come for a pedi or shellac. I've had someone different each time with good massage, clean polish and with decent English.",positive
Just checked in and wow is it beautiful!,positive
"I love Korean food, and this place was fresh, plentiful, and the service was excellent. A bit of a bar vibe, but the food is great.",positive
Good food. Cheap,negative
This was a GREAT Yelp find in Las Vegas! We were wanting to try something off the strip and came across this place. Will most definately go back!!,positive
Do not go to this discount tire store bad experience I had to replace a $150 rim n tire cause they would not give me some air so I wouldn't run on a dam near flat,negative
"horrible dealership, would not recommend this place to absolutely anyone.",negative
"Only reason to come would be for the games, boobs, and beer. The food is bleeeehhhh",negative
Love the store! Awesome variety of things :),positive
"Took my new rescue dog here for shots and was very happy with the service. The prices are very fair, nice staff, clean office- can't ask for anything more. Thanks for taking good care of my dog!",positive
"Even before learning about the proprietor's negative feelings toward the gay community, I thought these donuts were mediocre and way over-hyped.",negative
A bit overpriced but that's likely because it's a chain. Food is good and so are drinks. Good atmosphere for a date or group of people.,positive
"Super Friendly staff, work was delivered as promised! This is my go to crew for electrical work for my home and rental properties!",positive
"Grilled veggie appetizer, not so much soggy drenched in oil as far from grilled as you can get. No flavor at all not even a pinch of salt. Pizza not great, overloaded with basil but a good crust",negative
"Service was friendly, food was good but arrived really late. I would still recommend this place because I loved the food.",positive
"Delicious roasted flavor, reminds me of the incredible coffee I had while visiting Chennai, India",positive
"Nice place, and food was great.",positive
Nice people and delicious vegan food. Their spinach and artichoke dip and nacho cheese are amazing. Everything is low fat and labeled for common allergies. We love veg out!,positive
if you want to ignored the entire time you are there ...then this is the Ulta for you! rude employees. WIll not be coming here. Sephora here i come!!!,negative
My parents enjoyed the show. This was not my favorite cirque du soleil show I have seen but I didn't hate it...O is still my favorite.,negative
"Love this place, we stop in every time we're in town.. The highlight is that you get a great sandwich for $7 which is a bargain on the strip",positive
"Hey! This is pretty good stuff. Fast and tastes less greasy than the other \""Ricos\"". I love the grande nachos!!! A lot!!!",negative
"I love your wonderful cheese, Penn Mac! You have an amazing variety, all my favorites.",positive
Great flavors and toppings. You can even get a waffle cone. I'll be back for the blackberry flavor alone.,positive
"Beware the heater is broken and I was told by a waitress it has been broken for a long time. The place was freezing, I ate in my coat. The temp outside was 30 and so was the inside.",negative
"3.5 stars. I would go back for the mussels, the wine and the vanilla souffle. We also had the duck and although the meat was good, I didn't like the flavor of the risotto.",negative
This place sucks ass. Drunk at 5 am and even then the food sucks. I think i could of had a better steak if I pop one in the microwave.,negative
American all the way,negative
"Awesome service and awesome prices, Work was done in quick and professional matter.....will defiantly use them again.",positive
"I know I am from out of town, but there is no greeting at the door or system for new customers. It looks like a good place to eat and hang out, after you establish yourself.",negative
"Brian tinted my wife's Lexus and it turned out good, very cool guy. He did a very clean job, no problem.",positive
horrible. Just horrible,negative
"Just ordered from sushi time! It was really fast, got here in no time. The sushi is not the best sushi I ever had, but for the price it's a-ok.",negative
Food was okay. Over priced for the amount if food you get. Ordered cheesecake and was told it was frozen. Had to take it home in a to-go box to let in thaw out. Service was okay.,negative
Only if I'm buying vegetables will I go to Sprouts... Or the fresh bread. Not a bad place. Never been treated wrong. Prices are just below moderate.,negative
Been coming here for years. They do excellent work and reasonable prices. They also took care of my luggage repair.,positive
This place is horrible!!! The staff is very rude and they don't have respect for there patients. The doctors are also not friendly!!! Office is VERYdirty!! Wouldn't recommend this place!,negative
"we got the fried tofu appetizer, a great beef curry with green onions and the tofu eggplant dish and a thai ice tea. everything was very good and we were enjoying the left overs as well.",positive
Pretty fountains... water movement to music.\n\nLooks delightful and sounds nice.\n\nIt is FREE entertainment in Vegas!,negative
"We wait FOREVER for our food every time we come here, no matter what time of day, even if it's a take/out order. However, I love Denny's and their food but aim for a different location!",negative
Cheap easy and very tasty,positive
I do not gamble but the casino here appears to be pretty nice.,negative
"Greesy drunk food, nothing more, why are you reading this? if you are drunk, eat here at 3am, you wont regret it...well maybe you will",negative
"The rolled chicken quesidlia is epic good, almost too much to eat in one setting.",positive
Great selection. Expert knowledge. Love the square wallet checkout. Super fast.,positive
"Never tried a fat burger til I wen there.\n\neven in the AM, there was a line. Price was above normal range for me.",negative
Its pricey but great place.,positive
The Mothership of The Bay. They have it all. Pretty expensive though.,positive
Ordered fried chicken that was dry and I ate some bone fragments. OMG! Pancit was bland. It was not good at all. Will not be coming back to try anything else. (,negative
Extremely good Mexican food! Ordered michelada and shrimp cocktail. Super bomb! Helps recover from hangovers and super good! I always come here now just for that! Must try!,positive
(*-*),positive
I expected more for $5. especially with a hot dog place in the D ...,negative
the house spaghetti was so so bad. i would have paid $6 for it. it was plain and i can't believe that is their house specialty.\n\nthe foie gras ravioli was good. \n\nservice was not so great.,negative
Good food....sorry but I love Nirvana II more,negative
"The Fish Market, up until now, has been one of our favorite restaurants. They have a new chef as of the beginning of May and the difference is very apparent. Not so good any more.",negative
"We stayed in dorm rooms here some years ago: we got what we paid for at $35 a night. Breakfast included, but a longish trip to town. NEVER again.",negative
Great music good friendly staff good food. GREAT VIEW,positive
Loved it! Great vibe.,positive
"Good sandwiches but prices are higher than quality of food.\nDeliver until like two am which is way later than others. \nGreat if you're a bar next door to it patron, they bring food right to yoy",negative
"Maybe I went on an off day.\n\nThis buffet reminded me of Hometown Buffet. Sad, worn out, and full of subpar food.",negative
"Ate there twice and I wasn't impressed. My wife ordered the Blackbean burger and it was dry and tasteless! I got the Mushroom Swiss and I'd rate it as \""ok\""; I was expecting more...for the price.",negative
This is THE place to go in town for a greaser do. Old school barber shop. You can get a kick *** pompadore with all the grease at a very reasonable price.,positive
Must try the fresh oysters!,positive
Service was mediocre food nothing to rave about only thing Bread was excellent,negative
I am very happy to say that Brother's Pizza is trying to make things right by giving West Wing School $200 from the fundraiser fiasco. Lessons learned... better communication is the key.,negative
Excellent service with friendly staff. Very reasonable prices and they have drinks and snacks in the lobby while you wait. I recommend this place to all of my friends!,positive
Sandwich ordering process is a little cumbersome. That being said my grinder on whole wheat was very good.,negative
"Only came here for drinks, but even as I looked around, I didn't think the food looked extremely tasty. It just looks like your normal bar food -- burgers and sandwiches and wraps.",negative
- misleading prices displayed outside\n- snooty waiter.\n- slow service.\n- below average food.,negative
The brisket sandwich was unbelievably moist along with their homemade buns was unreal. The chicken too is amazing.,positive
Lamb Tandoori burger! That's all you need to know!,positive
Good food\u3002\u597d\u5473,positive
"Had the pulled pork and it tasted as though it'd been reheated from another pork project on the menu and made to be a pulled pork sandwich. Quite filling though!\n\nSubpar service, decent beer.",negative
The duck was great and I loved the octopus as well. Unique atmosphere with fine food!,positive
Great atmosphere and good first date place. Try the bruschetta it was awesome. Menu simple but very good!,positive
This is the best las vegas buffet I have been to. Really worth the price. I liked almost everything.,positive
The new UltraStar in Maricopa City is AMAZING.\nLove it there. \nGreat for having events there.\nGood food too and great prices.,positive
"Great prices, Great work. Very fast. Went to TLC Flooring at 1pm on a Thursday. Contractor was at my home at 8 AM Friday ready to put my new floor in. Prices are really fair.",positive
Beautiful plave and lovely to spend time in any season of the year.\n1 star is taken off of it due to the drunken tramps.(raggedy men rather than slutty females lol),positive
All the staff is really polite and both service and food tasted really good at a really low price,positive
"I had pancakes, eggs over easy and ham. The eggs and pancakes were great, I would pass on the ham. Not enough servers.",negative
Overpriced veggie. Not fulfilling. food was meh!,negative
Hubby got cashew chicken and wanted to take a bath in the sauce it was so good. The potstickers are to die for and so are the eggrolls. YUM!,negative
"The food was amazing 1st time there with family. The best view, friendly staff, I would go again. The only thing I wasn't happy with is they have a dress code. Very happy customer!!!!",positive
It is simple.. I LOVE SUNRISE COFFEE! \nAlien burrito and an iced soy london fog... soo good!,positive
NEVER AGAIN!! they do push u to buy all their insurance and pre-pay for gas.. dont fall in their trap!! JUST SAY NO TO WHATEVER THEIR OFFERING!!,negative
Really liked this place. My server was really nice and the food was great..ill be back..,positive
"Wednesday is Wingsday!!! All you can eat $12.99 And my server was the best! Crystal was so attentive, friendly, and kept are drinks topped off. I'm good w that. See ya next week Crystal!",positive
"Had VIP here..but, meh. \nSmall little club. Was a SEMA show after party. \n\nNot many peeps..music was alright, but definitely not my club of choice.",negative
Service and food was very slow. Messed up my order twice. My sons birthday and they forgot the cake. Nobody enjoyed... Overall...sucks!,negative
"$6.15 for a $3.50 latte. One star because I could get my latte in my fuzzy mocs, tho I looked pretty stupid. And they took my gold card. And yeah, not the friendliest staff.",negative
"Food was so so and the entertainment on their comedy night blew...not even close to par with the fullerton, ca location",negative
"Great service, great food! One dish was too spicy. They immediately took it back and fixed it. The Tom Ga Kai was very good. They have this rated with '$$' but the quality exceeded the price!",positive
Toddy is the best I have had in Phoenix. Have had several food options and have never been disappointed.,positive
"Good burger, found this place on IDine.",negative
"I love the veggie burrito they have here. It is unlike any other vegetarian burrito I've had before. The service is great and food is fantastic. \n\nDo want, do want, do want.",positive
"This place is amazing. Real Spanish tapas, great sangria, and the paella is unbelievable. The owner is so nice and a little crazy lol but he treats you like family. To me you can't beat place.",positive
"The tequila shots were watered down. Rip off. Only 10 people there on a Friday night, and many seemed to be on X. \nMusic was good, DJ good.",negative
Awesome...all 3 of my huskies looked and smelled amazing. Will totally be back with them. The staff was very friendly and great with my furry babies.,positive
"This is a D*Bag hot spot!! If you're a D*Bag or the Hot Chicks who bafflingly flock to the, you will LOVE this place!!\n\nWorkers, mind the elevator security.",negative
Very good za. I love the pesto pizza but you can't go wrong with any of the pizzas here.,negative
I hate buffett food but this place is the best buffett in Vegas. I never have a bad experience here. Not as good as a regular restaurant but it is the best buffett.,positive
"When I need a sweet treat I go through this drive thru for a blizzard. I hate to admit it but I've tried multiple varieties of blizzard flavors, and every time I leave satisfied.",positive
"Very fast, painless, friendly, professional. What more could you want?! I'll be back soon!",positive
Really enjoyed the wild mushroom enchiladas. Service was uninspired. Would have given a 4 if the waitress seemed to have any desire to be there...,negative
Really a big disappointment when it came for the food. The $10 steak was paper thin and the onion soup has enough salt to give the great Salt Lake a run for its money.,negative
CLOSED?!? We drove by the other day and the signs are gone and the parking lot was empty!!!! What's up? Their food was great.,negative
The coffee was excellent but unfortunately the pastry I got was quite stale. It was a honey roll with pecans and was totally unacceptable for a reputedly good pastry shop. I won't be back.,negative
Turnover is horrendous past 6 months. Service sub par and orders come out wrong. 3 out of 5 orders wrong in last two weeks of purchase.,negative
"Decent enough place, although pretty much par for the course compared to the many bar food spots around town.",negative
Good Ole lip smacking Southern BBQ served very well with lots of fun and welcome atmosphere.,positive
"Food still good, until I used the NASTY mens room.. Barf. Cmon, I should have checked the restroom the first time I was here. Disgusting.",negative
Very good food. I am a big fan of their ribs.,positive
The people are super friendly but understaffed!! 1 person for the morning rush.. Not cool.. We are all trying to get to work on time. And the ceiling fans are filthy..,negative
"B \nE \nA \nU \nT \nI \nF \nU \nL \n\nBy far, my favorite experience staying here in Las Vegas. Phenomenal luxury & amenities. Generous suites & comparable price point.",positive
"Not a bad little joint. Eclectic crowd and good food. The chicken fried steak on Thursday is worth the trip, but get there before 6 because they run out early.",positive
Always on a wait. Always waiting on an ardent server to take your order. Always has delicious gingerbread pancakes and gladiator burgers. Always greeted by one of the friendliest owners in oldtown.,negative
awesome burgers! the service is always super friendly! avoid the drive thru its more like a parking lot.,positive
The food is amazing. Fish and chips and the roast beef (with mash potatoes) were insanely good. You MUST try the Yorkshire pudding!!!,positive
Much better steakhouses elsewhere!,negative
"Burrito Beats Burger. Simple as that. Also my wee one always gets a baby burrito, nothin quite like baby meat.",positive
"Great diner food and I love the thin pancakes - you can taste the real butter in them, MMMM!",positive
Not too keen on this place. Pricing is way too high considering the quality of the material used to make the clothes. The jeans especially!,negative
Amazing breakfast choices. Delicious food. I highly recommend the crab cake platter and protein pancake. Heaven!,positive
Excellent botox and juvederm. :-),positive
"Pretty solid Americanized Mexican food. Not the quickest place, but still considered fast food. Food quality is good. A lot nicer now they expanded and remodeled. I will be back.",positive
Will not return. Food was salty and smelled like a greasy pan ;( will not be returning.,negative
Friendly service and the coffee is always great! There drive-thru line gets pretty long but so does every other Starbucks I have been too. Great location right next to the freeway.,positive
"this store is closed. if you don't believe me, try calling them.",negative
Great service and very friendly. Oil change didn't take long and they gave me a discount. Def going here for my car again.,positive
"Dr. Dumler is great! helped me out tremendously with my \""Sciatic Pain\"" I highly recommend him",positive
Great local gaming bar. Friendly bartenders. I would recommend better signage on the back entrance to the gaming bar and two more TVs behind the bar. Otherwise a gray place to watch a game.,positive
"\""It will be a 25-35 minute wait\"". AN HOUR AND A 20 MINUTES LATER. . we got called but were already at the bar. Good food but they need to buy bigger restaurants..",negative
This location is quite busy. Had a good deal on Big Mac's. Quick and easy food to pick up for the kids on the go ...,negative
"Food was cold, it was bland and I would never go here again. The only thing that tasted good was the sprite I drank",negative
We were not impressed. Growing up in Cali did spoil us on good Mexican food. Tony's was just ok.,negative
I could complain about how over priced this place is but at the end of the day I keep coming back...\nI can not say that I have a favorite but the rocky road Apple is pretty good.,negative
"Got the taco salad with chicken..perfect, taste great couldn't have made it better..good service and food came put in a timely manner since it was the lunch rush..will go back if in area",positive
Why did I come here? I must be an idiot! Rip off and woefully inadequate. I was starving. Spoiled from living in San Francisco.,negative
Not bad I'm hoping they will keep the hours open till 3 am we will come back,negative
Very good old school country food. Prices are perfect and the staff is very friendly.,positive
"pee. this place smells like it. the 2nd star is for Gina, because she's good.",negative
Worst Wendy's I've been too. Food always seems like it's been sitting awhile. Bummer since it's location is near work.,negative
"Food and price are good. But the one thing that stuck with me was our server, Inis. Very sweet girl.",positive
"great yellow curry and Thai tea here. think this the BEST chicken Satay I have ever had, but its made the traditional way so be prepared to wait awhile for it . well worth it",negative
one word...amazing!!!!,positive
The staff has always been helpful.,negative
"great sushi, great alternative if you do not want to do AYCE",positive
Kristi is a real joy... I love getting 0% service and be completely ignored when trying to order a drink. Unless I am one of her ass-kissing regulars. And it's happened countless times.,negative
"Website says open till 11pm on Wednesdays, called at 10:25 to order something for pick-up, was told they closed half an hour ago.",negative
"It's a really good place; clean, prices are reasonable, excellent customer service. Dave's took care of my car repair, and explained me very well what's needed to b fixed.",positive
"A good place to eat. Nice soups, good salads, creative pizzas.",negative
Worst airport ever!!! Flight deck staff are so rude! Staff at the airport as well. So rude!!! I live inflows Angeles and have never been treated so badly in my life!!!,negative
Love it that they have a lot of high end stores here.,positive
"This place is amazing! Enchiladas with green sauce a must have! I never wait in line for anything but for this place, I was willing to wait 30 minutes on a busy Friday night! Definitely worth it!",positive
"Service was good, and the place is definitely plenty nice for a chain. That said, the pizza isn't very good.",negative
Thought my carnitas was on the dry side but the chips/salsa were delish and my strawberry marg was freaking strong. It was really difficult to Christmas shop afterwards.,negative
What? I don't get it. Why the heck does this place have so many 5 star reviews? The food was bland and meh. No thanks.,negative
The doctor is nice but the wait time here is RIDICULOUS. You will be here for two hours without any dilation of eyes. How do they stay in business? ?? Never again! !! Finding another eye doctor.,negative
"Absolutely amazing experience for me. I saw Tiffany, who did a fantastic job cleaning up my hair. Not only was the haircut great, the ambience and the space was relaxing, friendly and professional",positive
"Love The Greene House. Especially the Sunday special with half off bottles of wine!\n\nThe fish + chips is to die for. So so good. \nAnd, just about every single appetizer on the menu is delicious!",positive
good but crawdaddy is better this is all oil good but long wait and not as good flavor its a hype thing that people are more into service is less than decent,negative
"Had a lot of manicures and pedicures before but this one was easily my favorite. Great service, tons of attention. I highly recommend :-)",positive
Appreciated the non gaming and non smoking facility. It's a very beautiful hotel. Great views of Vegas.,positive
Still dreaming of the lobster gnocchi!!! Delicious! Service was excellent and we all received a complimentary glass of champaign with our dessert! Excellent Italian food!!!,positive
The games in the back add a lil something chill. And feeling like ur not out the club trying to have a smoke is chill.,negative
Long waits but great food!,positive
Great corner old-school ice-creme shop. I'm here every summer with my kids. It's also next to my favorite park so it's full of win...,positive
This place is ok but it's always packed and the wait times can be nuts. Food is good but won't rush back- I like then orange chicken.,negative
Run down! Cheap looking!,negative
It's so hard to find good healthy restaurants. I'll be coming back a lot!,positive
Great place for HH and unique food. Always hopping! Great vibe and I love the industrial/modern look and furniture! A hidden gem!,positive
go here. good beer.,positive
"Love this summer project! Friendly staff. Fresh sea food! The portions are little bit small in relation with the price, but the quality is so nice! I hope to come back next year!",positive
"Authentic Malaysian food! Price is good, food is good. Plus it looks like a family-owned small business...I like the fact that my money may go towards a little boy's education.",positive
"Came here for a catered happy hour - drinks were okay, but food was pretty good. Definitely go for the short rib quesadillas and whoopie pies!",negative
"DO NOT go here....it is a complete cattle call and they DO NOT CARE about their patients at all. I wouldn't go back if they were the last place in town. Run, don't walk from here!",negative
Vegetarians can usually get a good meal at Middle Eastern restaruants. Not at ZKB. The hummus and falafel were just awful.,negative
"Solid experience, a mom and pop style breakfast place. Not the best breakfast I've ever had but also not the worst, everything was good, friendly staff as well.",positive
"They were SO rude....Dr. Romine was nice enough to stop by and said \""anything you need make sure you contact us\"" but besides that they were just plain rude. Definitely not going back....",negative
"Finally someone that can make me look like a decent human! Adam is the best. Plus complimentary refreshments, good music and conversation. Killer A++",positive
"The best place we ate at all WEEKEND!\n\nyummy food, a ton of Gluten Free options, knowledgeable staff.\n\nYou must eat here if in Vegas \n\nBy the way, tank tops are not allowed here",positive
The FEZ Kisra is very good.,positive
"Just an addendum... Keisha is the best server ever! She had the chef bring us some bonus scallops with risotto. Great service, wonderful food.",positive
Typical Scottsdale club with a cool interactive LED dance floor and an awkwardly placed taxidermied mountain lion. They were not playing disco music on the opening night.,negative
"My husband and I got shrimp and fish tacos. They were bland, nothing special. I don't understand what the hype is about.",negative
"This is definitely my fave yogurt place. Delicious yogurt, friendly employees, and a buy ten get one free, punch card that we fill up way too fast :-)",positive
"Great food, average Mexican dive style restaurant. Staff is friendly, service is fair on the speed index",positive
"gay Denny's gets 4 stars just for atmosphere, but as katie S. points out, the service is always atrocious. I'm sure staff is primarily prioritized by demographic, so service skill is secondary.",negative
Loaded omelet (with nom nom potatoes) and strawberry banana smoothie - delicious. \n\nOrder at the counter and then sit outside or inside. Clean establishment.,positive
Spak Brothers is the best pizza shop in the city. The wing sauces are incredible! Great people own the place and it's very easy to support.,positive
"Get up, go downtown and eat here!",positive
"The staff is always friendly and helpful. However, I find that their designer items tend to be on the pricier end. Will stop by now and again to see if I can find a good deal.",negative
Our food was served Luke warm. The sweet and sour chicken was terrible. I ordered Brown rice which was not cooked completely,negative
"I've been here several times.I have no big complaints against this store, as they've always gotten my order correct.",negative
Pholicious.....Delicious....pho sure :o),positive
I only get out here a few times a year and am always delighted at how good this place is. The Italian beef rules!,positive
Front office staff was rude and condescending because we wanted to check in early.\n\nFriends of ours showed up after we did and yet they received their rooms. We waited 3 hours for our room.,negative
Dr. Quan spends the time to understand you pain and how best to treat you. I feel like she really listened well and I'm very hopeful the outcome will be as we discussed.,positive
"Ok hotel. Nothing special. Is located right across from the Epicenter so if you want quiet on the weekends, probably not the best place to stay.",negative
Cool place. Love getting gas here instead of Henderson.,positive
"I really wanted to try this place out, however I've been trying to call for 2 days and all I get is the answering machine. Time for a new receptionist maybe?",negative
Crab was seasoned well with Old Bay. Moderately overpriced due to the very small portions of sides.,negative
"Nice people and clean. But another car shop ripped me off for oil filter change, air filter change and brake fluid exchange 100+ for parts and $200+ for labor....?! Totaled $400+. :(",negative
Addicted,positive
"We ate here and all 5 of us will never return!! Warm sushi not fresh, cold food and small expensive portions.",negative
Damn good Dim Sum. \n\nReason enough to give strip mall chinese restaurants an honest shake.\nFinally another Chinese restaurant in the valley worth patronizing.,positive
"BUYER BEWARE! They now sandwich the 1 tray of king crab legs with 2 trays of snow crab legs. For the novice and the unsuspecting, you can end up with a plate of the less expensive king crab cousins.",negative
"I just remember I got there from Toronto in a really hungry afternoon,obviously, there are few ppl, and I order many foods. And beer. so satisfied. Nice place.",positive
Love this place! First time I've been here and I can't believe i didn't come here sooner. This is the place to be.,positive
"I just went by yesterday, in hopes of finding the perfect little baby gift... but the store looked closed. Permanently. Bummer.",negative
"LOVE this place. Friendly staff, great food, great ambiance.",positive
This place had the best breakfast on the strip. I am so sad to see it's closing. It will be missed.,positive
Our meal looked nothing like the pictures people have posted. The service was terrible and I wasn't impressed the the food. Definitely won't go back.,negative
Love this place!!! Great food try the Prime Rib Sliders! Happy hour is always awesome great deals! Perfect place to catch the game. Great patio area and wonderful staff!,positive
Good food relaxed atmosphere. Would recommend!,positive
Surprisingly a good place for sushi. Not expensive abd courteous people. I would recommend.,negative
Favorite restaurant! The roasted buttermilk chicken and the chopped salad are amazing!,positive
You really can't go wrong for the price but its not high end either. Ribs & Sirloin usually pretty good.,negative
"Meh, I had better services else where..",negative
One of the better Mediterranean places in Phoenix. Fresh ingredients and good customer service. The cheeseburger with gyros is awesome. Diners drive Ins and Dives material!,positive
Went once and never again! awful service and food mediocre.,negative
I love the Bison wrap. The jicama fries are okay; I like mine with a little honey or barbeque sauce.,positive
Worst mexican ever!!!!!!\n\nDon't go there!!!,negative
First and last time here. French fries were disgusting overly salty soggy. Hamburger was a mess as well. Ugh so wanted to like it here.,negative
A lot of fun...just don't pay full price...go to the discount ticket office!,positive
"Hard to find, in Whole Food lot. All the great bakery items you'd expect from Starbucks. My sausage egg and cheese breakfast sandwich was hot, quick and tasty. Quick and friendly service.",positive
The food is ok here. Nothing compared to Japan though. I've had better in Japan. We need more restaurants like this in Vegas. One thing bad is that the food is very very OVERPRICED!,negative
Cheap novelty shop selling lame trendy crap.,negative
"Really good tortas but not the best, service was fast and I will definitely be back.",positive
"The champagne served was Perrier-Jouet Belle Epoque and the flutes were never left below half full. The quality of their selections made up for their lack of variety. \n\nOverall, it was okay.",negative
"The food is awesome, the service is good. The prices are a little pricey but the portions are large. I would recommend.",positive
"This place just sucks.. Avoid at all cost.. Do your self a great favor, dont come here, i told you so..",negative
"Beans, toast, and spicy Cole slaw are worth the visit. Ribs are dry and meatless. Servers are nice.",negative
I've had several items on their menu and have been let down each time. Serving portions are very small. The many HDTVs are a definite plus tho!!,negative
"Am ashamed to say I have filled up my punch card, twice. Usually get the Hook and Ladder. But the main reason I keep going back...the magical Coke machine of Awesomeness.",positive
Note: Cross reference w/ Bobby C's Cafe. \n\nThey still have the ninja bowls.,positive
This review is for Payards macarons. They have lots of taste and a great flavor. Nicely made but i prefer Bouchons for the subtleness and size.,positive
Everytime I shop there ...the line to check out is so long.\nGood for them..they are busy but geez open up another register so your customers don't have to wait in lines.,negative
I guess their pizza taste great if you're drunk. Slices are so bland and bad. Nothing special here. Overpriced as well. Villa Francesca has much better slices. Check them out instead.,negative
"Hhmmm, rushed to the gym after work to find out that the class schedule on the website is completely different than the schedule in the gym?!?! A word of advice....update your website!",negative
Ordered delivery and it got here really fast. Within 15-20 minutes.\n\nGot the pork fried rice and it was pretty good. Generous portions and reasonable prices.,positive
"Ok place, not a very good coffee. Don't let the name fool you. Their espresso is horrible. With a name like this, I expect a good quality espresso with crema.",negative
"The ladies working there are so rude, they don't even bother to smile at you. & they're prices are pretty pricy. I won't be coming here again!",negative
closed closed closed,negative
We went here for a group-on deal and it was great! the Ranch fries are so delicious.,positive
"What more could you ask for? Games, booze, and great music!!!",positive
I am not a big fan of sushi. There food is okay here I will only go if my friends are going but the service is so so bad. If it weren't for my friends I would never go there again.,negative
The best Chinese in town,positive
"Food is ok. Large portion. Service is below average. Comparing with another Sam Woo, this one is expensive one.\nWhy I stay on a long line for this ok but pricy food?",negative
I got my haircut here and the lady who was working screwed up my hair. This is the worst hair saloon ever !!!,negative
Best\n steak I ever had...juicy succulent and Delicious!,positive
"based on my one experience here it was positive. I used the drive through, the lady at the window was very nice.",negative
No good customer service even when restaurant is almost empty!!! Left after 10 min waiting in the bar area and it's not the 1st time!!!!,negative
First time there. I bought a bag of toffee pecan at the register I started to nibble on it when I got home I actually ate the whole bag its very very evil in a good way YUM yummmm,positive
get the spinach florentine bagel with jalopeno cream cheese! very yummy!,positive
"For the price, we've had way better. We didn't like the atmosphere. On the up side, the service was great.",negative
"We LOVE hot bagel, the food is delicious. We will go on the weekend and get the bagel, egg, meat and cheese. The bagels have a nice taste and are a change from the store bought type.",positive
as far as airports go...this is ok cause we only fly SWA.,positive
Trendy place. Good date place. The food was good just the portions are a bit small,negative
"if you are looking for an old school/ classic style, this is the place to go. but if not, look for another place\nlove the complimentary beer!",negative
"This place is the new Chop & Wok. Good old fashioned, down and dirty chinese take out. The owner is right out of a Seinfeld episode and it's worth eating there just to watch him run the show.",negative
We tried it again... It still isn't any better. Get your coffee elsewhere.,negative
"we were in town for 3 nights and ended up eating here twice great bar food exactly what i expect, what more can a guy ask for!",positive
I give ya five stars Sunrise (d'awwwwh) lets make it a sideways 8,positive
Very entertaining! The costumes and set were awesome. We thoroughly enjoyed the entire show!,positive
I have never had an airline deny me when I make it to the gate 5 minutes before scheduled take off. US Airways lost my business for life. Worst airline ever!,negative
Obnoxious bouncer. Irrelevant music. Good for a quick beer on a dead night. Staff just walks around to entertain themselves. There are better choices.,negative
Great portions and good food. Stayed for a week near by. Probably ate here 4 times in a week. The southwest Cobb salad is beyond delicious. Great happy hour 4-7 everyday. Highly recommend.,positive
"Great location, great servers provide by Mai, thank you for the good deals. Definitely will come back!",positive
Great food worth the wait. The menu even tells you what items will take longer so no surprises. It just gives you more time to eat some cheesy garlic knots. Yummy.,positive
Constantly canceling appointments and offers no solutions. They don't even try to call other locations. Not worth the trouble...,negative
Okay I read the reviews and went to to have a bit for dinner. The prices where out of control in my opinion. I had a bowl of soup that tasted okay.... had a 9 dollar glass of sub par wine and left.,negative
"I was an out-of-towner looking for a good cupcake. Pulled out Yelp and it didn't steer me wrong. The \""glazed donut\"" was radical (actually better than a glazed donut).",positive
Waited 2 hours to sing. Never got called! Could it be the Latino names? Yet Tyler and Miles got called like 2-3 times. Just saying... :(,negative
"Make sure you order the day before so get your food in time. If you come at night, expect to wait 30-45 minutes.",negative
Will is slow as can be. If he is working to another bar.,negative
Very impressive burger. Cooked to perfection and served with all the right fixings. Rates right up there with houston and white chocolate grill.,positive
Amazing food!! Amazing atmosphere!!! Amazing service!! This place is amazing..that's nothing more to say!!!!,positive
This carls Jr has by far the best service ever!,negative
"Not bad, not great. Really nice people work here, service was super quick. Portions were small, the taste of the rolls weren't that out of the world. Normal. Not worth the price, though.",negative
Nothing urgent about it - only go if there's no other options.,negative
Drinking wine and eating well prepared Italian/Mediterranean food. Happy Happy Happy.,positive
Got the soy mint chocolate chip. Couldn't taste the mint. Overpriced. Slimy. Tiny portions. Lacks finesse. Would NOT recommend. Disappointed.,negative
The food and service are excellent. The prices are very reasonable. My only complaint is the drinks can be a little stronger. Try the Pork Canitas.,positive
I had surgery by him it did not work and the follow up was poor.,negative
Good pizza. Good prices. But there are so many flies in the restaurant it's almost unbearable. Next time I will take it to go for sure. Would be 4 stars if not for the gross pest problem.,negative
"Has what you need. Then again, I primarily go for coffee in the mornings while working across the street...it's a gas station, nothing more to day.",negative
Had a catered lunch here. It was ok. View was great. I'd go back for the free food but not if I had to pay for it.,negative
My ALL-time favorite Mexican restaurant in Charlotte! Fantastic atmosphere in bAr area and amazing food! Their homemade hot sauce is a MUST!,positive
"The DMV.... never fun... Bring a book and be prepared to wait. Very small parking lot. This is the \""best\"" DMV in town, but thats like saying getting the flu is preferable to malaria :\\",negative
Great oysters (given what's available in Montreal in October). Awesome atmosphere. Good wine.,positive
"Great place, interesting space. Would love to see some big names but still fun and affordable!",positive
"I have ordered from Napoli several times, and have been highly satisfied with food and service. Friendly stuff, and great food. Our favorites are calamari, pizza and wings..",positive
"I love this place. It has a charm all its own, and when a good soaking is needed outside under the stars in AZ, this is one of my favorite respites. Thank you!",positive
"Employees are rude, slow and indifferent. Good and drinks are expensive and poorly made. There are so many better choices on Mill, avoid this one.",negative
Absolutely love Tease it Up. Tara is THE best!! Great quality work at fair prices in a relaxed atmosphere.,positive
"Dranks. Short dude kept talking to me and being touchy. Creeped out to say the least, but it was Vegas. But he was ugly. The Long Island was pretty good though.",negative
Fan of M&M's? If that's the case you have found your Heaven! \n\nThey have anything and everything you could ever think of related to the M&M brand.\n\nWorth a stop in just to check it out!,positive
I always enjoy a good frozen hot chocolate from Serendipity. Never fails when I have a chance to drive by the strip.,positive
Left here as one happy customer! I was helped by Jorge who made everything so easy. Great service and someone who I would definitely recommend to my family and friends! :),positive
Aweful. The driver have no idea where they are going. Completely unreliable. Cheap? Yes. You get what you pay for. Stick with Union Cab.,negative
Consistently great food and service. I enjoyed a wedge salad with a bbq burger and it was really delicious. Awesome stuff!!,positive
What else can you say except AMAZEBALLS!,positive
"Service was good and I didn't need to wait long for my pedicure. My biggest issue is that credit cards are *not* accepted. Get a square, please!",negative
Elephant day at the zoo yesterday was amazing!!! good day at the zoo. Highly recommended specially now that we are getting a good weather to spend the day outside,positive
"Great quaint neighborhood and good drink prices! I love the ambiance, will be back soon.",positive
no more 25cent wings. FAIL.,negative
Permanently closed!,negative
"So amazing how many people on here gave this place 4-5 stars...... Wow, so easily fooled or have never had real Vietnamese chow before.",negative
the drinks were yummy and the food delicious!,positive
This gym use to be cool been going here off and on for 3-4 years but it has turned into the worst climbing gym in Vegas save your money and go to Nevada climbing centers.,negative
One of the best Thai restaurants i've been to,positive
great atmosphere.... great pizza... delicious wine!,positive
"Service was excellent, food ok, and ambience too crazy! We felt we were in a concert. I couldn't even hear myself talk. Not a pleasant evening. We will not return.",negative
"The QT's are pretty much standard across the valley...clean bathroom, stocked merchandised, minimal wait times, friendly staff.",positive
Ok subs I'd rather have a hot sub fire house.,negative
The hotel has great location at the middle of the strip with access to the monorail. Entrance was hard to find. Cafe waiting staff sucks. ghe Buffet was surprisingly good with great service staff.,negative
Great food! \nIf you like a little taste of New Orleans in Las Vegas you must go!,positive
Loved the seafood buffet on Sunday. The food was always stocked and tasted amazing. So many choices. Nancy at the bar and Jeff at the carving station were wonderful. Will be coming back again!,positive
Been here a couple times while my boyfriend and I were living on this side of town. They always do a great job! Love all the nail techs I've had!,positive
Not a lot of meat for the price. Bread was not fresh. I'd go somewhere else.,negative
"Slow service. Tables are shaking. Food is mediocre. To many good places to go to, stay away",negative
Great stop for those taking the light rail on their way to an event downtown!,positive
I like this place because my wife takes the her car there and they have never tried to offer unnesscary repairs . They once misdiagnosed a problem and did not charge me for the unnesscary repair.,positive
Meatballs??? They were stall over cooked and the sauce was cold. Was looking forward to eating here after all the hype we heard about it. But batch 19 on draft was good but that was it.,negative
Escape is now closed.,negative
Paid way to much for chicken with No Pasta. Giuseppe's 30yards away just as good if not better and they have a $10 menu,negative
A bit pricey for what it is. But the crab cakes where good . Burger ordered medium arrived well done still tasty but not worth the bill,negative
best dog park...so far,positive
Excellent Health Care,positive
"Awesome! If you haven't tried it, you have to; that's all I'm going to say. I really want to go back again.",positive
Great Happy Hour!!!! Food was decent. --- need to eat before to many drinks so I will review again.,positive
Amazing amazing amazing. .. food and service. Fresh ingredients . Highly recommend this to the locals. I happen to be just visiting a friend and he recommended we come here and boy am I glad.,positive
I really liked the large menu variety and all of the vegetarian food but unfortunately my carnivorous husband did not enjoy this place very well. Cozy little place.,positive
Lowes.....HD..... cheaper than Ace so if it's in the neighborhood I am working in then I'm hitting the closest spot. They give military discounts so thats a plus!,negative
Nothing better than hot donuts right out of the fryer.,positive
Great burger (specially the protein style) but the worst drive thru wait time ever!!! I'm talking about be ready for 25mins plus.,negative
I have been coming here for at least 7 years and I will keep coming back. I love the staff and I have been happy with my pedicures and eyebrow waxing.,positive
Stick to the happy hour food.,negative
"If you like racist waiters, inattentive servers, over cooked meat and limited options then this is the place for you. Worst Brazilian Steakhouse I've ever visited. But the salad bar was nice.",negative
"Good place for traditional Chinese dim sum. The decor could use an update but they make good food. Take advantage of their $2.49 any dim sum dish, Monday - Friday.",positive
Had 2 burnt 16$ pizzas and a few drinks for 85 $ lol what a rip. Dont even bother. Told waiter the issue but he argued saying we already ate it. Yeaa after waiting a long time. We wr hungry,negative
This place sucks really bad. It's in the ghetto and has a cafeteria feel the place and the food. It's dingy I would not recommend this place at all.,negative
"It's OK buffet. I am a fan of pork but they don't have many :(. It's a plus for the desserts, lots more than other buffet.\n\nThe space is really nice, big and cozy.",negative
Cheesecake is killer!!,positive
This is good for a subway. The food is good and the employees can be very nice & patient. Not all of the rolls are good @ subway. Find what you like & stick with it.,negative
"2 weeks ago they forgot part of delivery order.\nLast night a 25-35 min delivery time, ended up being 65 min. \nNo more.\nYou've lost this customer.",negative
"I didn't get to dance there, but my friends raved about it... given it's cover free and there's high tech lighting all around... I think I'd visit it again next time I am in town for a fun night out..",negative
the place where all you gotta have is a record to work there!!!sweet!!!,negative
"French press coffee - very nice. Food was pretty good, toast was weird. Service was pretty good, but pricey. Would be back but probably not on my own dime.",positive
"im new to tanning but the girls at the front desk are sweet and very helpful! no wait, quick and easy.",positive
Very dissapointed. Did not get what we asked for. Was suprised at the results given the excellent work we had seen her do for other people.,negative
"First time at restaurant. Big screen hard to see when seated right in front of it but the overall \""views\"" were nice. Waitress was ok seemed a little busy and food was normal bar food.",negative
The Bobbie was a good call. Good ol thanksgiving leftover sandwich. Pretty nice portions too,positive
Place is amazing! Try the mango ice tea too! Really refreshing.,positive
The waiter last night sucked a big one. 08/05/2011 \n\nI'll never go back. Too bad because its just around the corner from me and we used to be regulars.,negative
"I have been here about 5 times. Every time I go, they do a great service. The staff is always helpful and create a great atmosphere. Defiantly worth the $$$$.",positive
Avg. Not terrible. I had the larb... It was close to delicious.,negative
"Stopped here to grab a hot coffee but made the mistake of asking \""with sugar\"". It was so sweet that it felt like having sugar syrup so my advise would be to skip the sugar or stick with Starbucks.",negative
Bad coffee. No excuse for breakfast place. Weak and not hot. Food was just okay and very pricey.,negative
If I could give them 10 stars I would!!! I love everything about the adobe! Yum yum yum,positive
"The service here is awesome! Gentlemen, I recommend the Men's VIP haircut package, you won't regret it!",positive
"Loved my nails and was in and out in no time:) walking distance in Old Town, loved it! Professional and lots of style selection, I did cherry red with silver tips:)",positive
;),positive
I think that was just about the worst meal I ever ate.\nI ended up throwing half of it away.\nYuck,negative
Don't stay here. Bad security. Car got broken into in the parking garage. They were no help whatsoever!,negative
"They remodeled! Still great food, but now the place looks awesome inside, too!",positive
"The store is really fun, just know it gets crowded quickly, especially around the holidays. Don't recommend going with a stroller in tow!",positive
"Pizza is excellent, coming from new york I have had the best pizzas on the planet and these guys know how to make a pie 2 thumbs way up. ..",positive
Great place....... EXCEPT........only Bud products. They really need to get Old Style & Miller products too.,positive
great restaurant the food and service couldn't be better,positive
"Small place, but a great breakfast. The waffle was perfect and the service was prompt. We went during the week, and the wait was about 10 minutes.",positive
Fun dive bar. You got to get there early to snag a seat or be a hawk to get one. For being so inconspicuous and hidden they sure get busy. Good bar hopping place to hit up,positive
"Went to the \""Cookies and Canvas\"" event for parents and kids. Only one complaint ---no cookies! How can you call it Cookies and Canvas and then give out prepackaged rice krispy treats? Weird.",negative
"The service was excellent. The food was good, but doesn't live up to expectations.",negative
"Great food, never had a bad meal there. I love that they get their desserts from Signature Desserts.",positive
Bar is okay and the atmosphere is nice. Food is below average and pricey. Our food was cold and when we commented on that the sever didn't seem to care.,negative
"Out of Business. I checked the phone thinking they might have moved. Nope - \""no longer in service\""",negative
Great customer service. amazing low prices. and great selection,positive
"I have been looking everywhere for good macrons in Vegas & these are definitely great. Pistachio ones are always my favorite! These are a little too sweet, but they're huge and still good.",positive
Some food was great. some food was bad. For the price all of the food should have been great. A little disappointed. :(,negative
One of my all time favorite restaurants. Bruschetta is amazing!,positive
A hidden gem under Ballys. We had some great fish and prompt service. Will be back next time I'm in the area. Booyah!,positive
Slices is a great place if you're in a pinch and want a quick lunch at a decent price. I wish they had more of a vegetarian selection but other than that it's a fine place for Pizza on Mill Ave.,negative
Very good food and ambiance. Small place but nothing short of excellent food. The banana split was just terrific.,positive
"Love the food, the crew and location. For the best lunch or dinner it's a must go. The chowder is amazing, the pho dip is a must have and homemade cupcakes finish the meal nicely.",positive
"Been coming here for past 6 months. And I have not looked for any other coffee joints. Coffee is superb! I love it here, the owner definitely has passion and great taste.",positive
This store just isn't what it used to be. :(,negative
"better than expected healthy delicious food, awesome salads, call it in though cuz this place gets packed around the hot times.",positive
"Busy, upbeat atmosphere and good asian fusion menu. Fresh and served at the right temperature for the food being served. Will do again!",positive
"Good service. Nice deco, comfy & cozy. Loved my entree. Main meal was duck & lentils - pretty plain & undercooked. Will not go back",negative
"Love their graveyard specials I always go for their steak and eggs or 1/2 pound burger, great service very affordable and even if there is a long line, it moves very fast.",positive
Service was non existent. Took at least 15 minutes to get my first beer and I was one of 4 people in the whole place :(,negative
"Eh. Only found one flavor that was ok. It is a nice clean little place, but all in all, not much to look forward to.",negative
The other reviews are pretty accurate. These guys don't take the time to do anything more than push the dirt around. Definitely won't be going back here.,negative
I order a steak burrito with beans and rice and I got a rice and beans burrito with a bit of steak\n\nTaste is good\n\nService is great,negative
"I like Culvers when it comes to fast food. They have a good selection even on the healthy side. Custard is fantastic of course, and I'm addicted to cheese curds.",negative
Big portions decent service but food was only ok tasting and pricy if had better for less,negative
"This place has been the best part of living in the desert! Don't forget to \""Plank it\"" over those rocks!!!",positive
"Love the place....Love the Southern flair - the food, the decor the vibe. Nice place for a gumbo or a jambalaya or several round of beer before sweating it all out at the nearby Rumjungle.",negative
"I only come here to play pool. $1.25 per game (quarters). If you want to eat, check out all of their neighbors. Definitely not a tourist spot.",negative
Love this place is starches my shirts better then anyone else and always has timely service,positive
"Les plats sont bons, mais sans plus. Compar\u00e9 \u00e0 d'autres resto p\u00e9ruviens, j'ai \u00e9t\u00e9 quelque peu d\u00e9\u00e7u. Les nets semblent un peu fade.",negative
Loved the gelato\n\nSeemed a bit overpriced but... it is Vegas and what isn't overpriced here.,negative
Great food and service only bad thing is if you are there 1 hour you hear the same music 4 times omg and every time I go I hear the same music the owner needs some variety omg,negative
I had the best TIME here at any bar in Scottsdale. Do you want amazing service? GO HERE. Feel like your at home? GO HERE. Nuff said,positive
Visited this place for the first time last night. \nVery much enjoyed it. Cozy community place with very skilled chefs.\nThe fish was fresh and flavorful and excellently presented.,positive
Food is so-so ( if you end up getting what you ordered!) and the service is awful. Last visit we were overwhelmed by the scent of a possible sewer back up?! Yuck!,negative
Burgers were good. The sides are great. Skip the fries and get the zucchini or mushrooms. Next time I'm going to have to dig into their selection of Root Beers... Can't wait!,positive
I love going to Target. This store is laid out real funny. Dont like that very much. But every employee that I have encountered here has been very helpful.,positive
"Fun place. Because it's just typical Mexican food, I can't bump it up beyond 3 stars.",negative
Great Gyros. Fast & Friendly service. Mini-mart & desserts attached to cafe.,positive
More expensive then frys. Doesn't carry boars head cold cuts. The store it self feels bleak and gloomy when you walk in. The only reason I ever go there is for the compass bank that is inside of it.,negative
Great service and my Chai was great!,positive
Two words: chickpea ceviche\nIt's tasty and sweet.,positive
It's always just average. Good not great.,negative
"I was in a pinch and I needed a fade, my regular barber was closed. they did a pretty good job and everybody there was very nice.",positive
Mr D's definitely an older crowd! Damn I may be the you youngster! Clearly much different from the Vegas strip! Great looking bartender!,negative
May be the best place in Phoenix for an amazing traditional breakfast. This is the new location because they out grew the old. They actually have really good options for lunch too,positive
"We always go here when we are in Vegas. It's not real French food, but its kinda close.",negative
Good food. And the waitress leaves you alone...until you need a refill on drinks.,positive
They don't know what the el Gordo burrito is at this location. Maybe they should look at their own website! All the others know what it us and make it no questions asked!,negative
Nothing spectacular. I think I've made better hot dogs at home..,negative
do not go with this company. poor equipment and they do not service their own equipment in my area subcontract it out - means extra costs.\npoor equipment for hard of hearing people like me.,negative
They serve beef tongue (lengua) and chivas (goat) need I say more! I love this place. They lose a star because from the taste and texture; I think they buy their chips instead of make them on site.,positive
Don't get the godfather you will be on the toilet. Been on the toilet for an hour already. Tony your restaurant is going downhill.,negative
Good food. Worst dining experience ever. The waiter was extremely rude. Will never go here again.,negative
"Had the grilled pork and also shewn beef sandwiches.... This restaurant has a great atmosphere, fantastic food and great service! Awesome new addition. I will be eating here often. Come try it out.",positive
Dave @ store #3081 provided great customer service. Been coming to this location for years.,positive
"Friendly atmosphere. Lots of flavors, add-ins and toppings to choose from...the possibilities are endless!",positive
I can never turn away a good carne asada burrito. Their value meals are good and the portions are decent,positive
I'm going to be completely honest. I loved the food. I wish this place was located in my hood of Los Angeles!! Minus two stars for the absolutely abnoxious waitress. :),negative
"Super cute restaurant with great service. Fun, local atmosphere and family-like staff after just a few visits. Feeney's Steak Salad for life!",positive
"Muy buen Restaurant, con un excelente servicio y buena relaci\u00f3n entre el precio y el valor. Buena presentaci\u00f3n de los platos.",positive
"This studio is awesome! They offer great classes for all ages and the instructors are all really good. The owner, Melissa, is a teacher and ex Cardinal's cheerleader. Check this place out!",positive
Great value and menu and delicious!,positive
I took my car in for an oil change it only took 20 minutes I was expecting to be there atleast an hour. thanks guys.,positive
"the people are really friendly and prices are reasonable. My dog had a fox tail stuck in her paw, and they help me on the things i can try to fix it. this is a great place.",positive
"Great staff but the new owners have taken away ufc what the heck talk about losing business guess we have to take our business to El Hefe, all 20 of us.",positive
Place is a cute little beer bar! Great beer selection too. Our server megan was really nice and helpful! We had the hummus and the pretzel pizzas and they were both really tasty!,positive
"Stopped here along the way home. Woo, road trips! Great customer service and great subs! I'd recommend this place to others",positive
YUCK!!!! Go elsewhere for your chicken!,negative
"The customer service is terrible, the workers are rude and you have to pay for the WiFi.",negative
"Very good Hawaiian bbq! The meat is seasoned well, and they also have seafood. Reasonable prices, I'll be coming back!",positive
My husband and kids really liked this place. The hot dogs and chili cheese fries are great!,positive
Only downside is no delivery,positive
"Loved the Passion Juice. The ginger flavor was subtle, but it elevated the juice significantly. I had the Beet POM burger, which was good but not great. Would definitely go back to try more specials.",positive
"Used to be one of my favorite sushi places in Vegas, but last time I ate there, it gave me the runs.",negative
My friend and I went here because it was on TV.\nThe decor was nice and service was great despite us coming in near closing.\nOur food came out cold and was just alright.,negative
Website says they take to-go orders before 9am on Saturday and Sunday but no one picks up the one before that.,negative
What a great place if you have the time to wait it well worth it. Top 10 pizza places I have ate anywhere. A hole pie takes about 30 min so get a pice of siclan!!!!!!,positive
"Most beautiful, accommodating, plush hotel I have ever stayed at! I love that they don't have a casino.\n\nSmells like gardenias when you walk in!",positive
"....it's the land of misfit toys. \n\nThe rooms were clean though, hence 2 stars.",negative
Not worth the time or your money !,negative
"Nothing fancy, but you get the best smoked meat. Nothing compares to Schwartz's in smoked meat. A must if you are in Montreal. And, be ready for a line up outside.",positive
Great coffee. Had a double espresso. Very good flavor. Nice comfortable interior. Knocking one star off cause their wifi NEVER WORKS.,positive
Love the juice bar,positive
"Great place if you wanna feel like you stepped back into the 70s, or so my husband says. Really romantic place to have a drink. Definitely worth the visit if having fun in Vegas!",positive
Two words come to mind: never again.,negative
"ok, I yam eating here cuz the Yelp machine told me dat dis here res-taur-ant is good eatin'",positive
Great china wasn't so great. We paid over 40 dollars for food that did not get all of the food and the taste was not good at all. Will stick with china a go go,negative
"ABSOLUTELY amazing food! A tad on the pricey side, but completely worth it! :o)",positive
Food was fantastic! Service excellent as well. Highly recommend.,positive
"I really enjoy Chase's for breakfast. The omelets are really tasty, the service is always great, and the vibe is casual and laid back. A favorite.",positive
"Vegetarian review: Grape leaves were good, lebni was decent, falafel was passable, hummus was awful.",negative
Everything here was good. The burgers and shakes were great.,positive
I had a decent gyro and fries. The baklava was dry and lacking in any specialty.,negative
"Very, Very good (great) donuts!!!",positive
closed as of may 2013.,negative
"Very nice people. Easy in and out of the drive-thru. Good options. A bit pricey, but totally worth it. Creamy rich goodness.",positive
Food is great here! Different vegetables everyday which as a weight watcher fan that is important.,positive
Donuts ....not too bad if you are hungry . I prefer qt,negative
Everything LOOKED fun..Its all broken. Anything worth a damn is out of order. Waste of time.,negative
"I kind of feel stupid for reviewing a buffet because, well, it's a buffet.\nBut anyway this one sucked, a lot of the food was cold and they didn't replace items that ran out.",negative
"Service is poor,decor is very fun,Go for the fun factor,Food is\nvery average,good for a quick snack",negative
"Clean store, friendly staff, fast service",positive
Two stars cause the salad was crisp. The chicken was terrible. They should use a higher quality of meat. The service was horrible. Somebody please tell me where i can get a good chicken bowl,negative
It's definitely a place for the younger crowd. VERY loud inside. I had a couple tacos that were pretty good. The waitress was great.,negative
I came here before the Giants/Dbacks Opening Day game and ordered the iced hazelnut latte. The latte was good but not the best I've had. I would come back if I'm in the area in the near future.,positive
"Uneven hummus but consistently tasty yogurt sauce and DELICIOUS fresh-baked bread (that, I have noticed, they tend to run out of toward the end of the day -- so be quick with it!)",positive
"Been here twice so far, and got the Country Fried Burger and sweet tats both times. The quality and taste are top-notch for a burger joint.",positive
"Its located in food court area of Rivera, there r other good indian options on strip. I prefer tamba over this.",negative
Treating the customer horribly. No phone manner at all. Said only deal with companies. I AM A BUILDER!!!,negative
"It is Hooters, you'll get the same food and beer at every location. They have a great happy hour and not so great food. Good eye candy, and sports on. What more is there to say?",negative
The food was excellent. Price was right. Large selection. Great customer service. You won't be disappointed.,positive
There is nothing not to like here. Must try the fondue pretzels. Sit at the bar if you can for good interaction and people watching.,positive
Great breakfast and lunch.....HORRIBLE ancient slow slow slow slow slow internet....at $300 a night!,negative
Skip it. Unfriendly staff and food that is sub par. At least at the fast food spots you know what you're getting... They put cilantro on both our dishes too; on the fries and the chicken wings.,negative
Very good Korean food. If you like meat then order the all you can eat plater,negative
Good quality food without the outrageous Las Vegas strip prices.,positive
"Service, food, atmosphere was blah. Won't be back.",negative
Up date. Charlie's philly steaks has now opened. Food looked good. Priced better than Ho Chi Min. The fries can be dressed in all kinds of stuff.,positive
I doubt that I'm cool enough to be a regular but that doesn't stop me from frequenting the place so that I can enjoy their date/bacon appetizer. Good bless happy hour specials.,positive
Come here for a ton of family style Italian food. You definitely won't leave hungry.,positive
It's new nice and clean but very boring here. Hanging out by the pool was boring.,positive
If you are unsure about yogis just give it a try. Their spicy teriyaki sauce is the way to go. Good lunch before 3 and food is always prepared well and quickly.. Absolutely love yogis,positive
"We love this place! They have good sushi, excellent service and great prices! This is our favorite sushi in the area!",positive
The food was slow coming out to add to that its wasn't very well prepared and on top of it all the wait staff was very rude and seemed as if they didn't know how to handle there selfs professionally.,negative
good for children..,negative
Worst sandwich on Earth.\nI'd rather eat a dead whore.\nPlease...never come here.,negative
"Best for a quick bite or an on-the-run pick up. Got a chance to stop in for a visit as well as did some takeout. \n\nAll you need to know are 2 words: \""Scooter Monkey\""\n\n... you're welcome!",positive
"Here is the deal It's a bar with great ambience,decent bar food though overpriced. Staff were attentive. Would go back for sure",positive
reat food and smoothies! Portions were just enough.G,positive
They stop selling the soups early I wish they didn't! Iam sick with the flu wanted a soup so my bf ordered fries it was ovrr cooked n tasted like chemicals.,negative
I could not resist and went back to this place again. The food is so good. I just wish the people were nicer.,negative
"Lobster dip was great, burger were good , but no s'mores brownies all out.. Will be back again.",positive
everyone before me has said it already-a flash from the past-a drug store w/a diner. such great memories.,positive
"If you like $50 Lean Cuisines, THIS is the place for you!",negative
Excellent lunch buffet. They offer both meat and vegetarian options for the buffet. Large dinning area with plenty of space.,positive
Don't waste you time; this buffet is just bad. Low quality and nasty. Go to Bellagio or Paris and get a good buffet.,negative
Good quick food most of the time but avoid this place on the weekends staff is slow and take forever to clean and get you your food,negative
"I know this is probably not their fault, but I lost $200 betting on the Celtics last weekend.",negative
This Best Buy is alright. They usually don't have things in stock and I pretty much don't want to go there for a while because I was on hold for about 15 minutes so I entirely gave up.,negative
"Staff was very upbeat, knowledgeable and helpful. Every time I come to LV I will stop by just because of the great customer service!",positive
"Great oysters. Fish ceviche needed more flavor, but overall, everything was great. Friendly service.",positive
"I couldn't even eat my food it was really nasty. And all my friends were in the same position. Not worth the money for crappy food, never going back.",negative
Bitter&twisted lies. Ross you where selective with guest. After you rudely treated us and now give us excuses. We watched you question nobody after us. Weak!!!!!!! No help to downtown! !!!,negative
Chicken sandwich was barf on a bun.,negative
"Friendly service, brand new store, aka clean. What a Taco Bell should be. Also, there's a Long John Silvers attached.",positive
"Friendly staff. The owner is always there, with a smile. My food is always good, and not overly priced. \n\nNote to manager, great job on trying to speak spanish, maybe work on your accent?!",positive
"Descent food, good service! Popular spot! crowded.",positive
"Good breakfast food, but the drinks are completely overpriced.",negative
Thorough friendly and fast. What more could you want from your eye doc? Very impressed with their knowledge and speedy service. I will return to Dr Heffelfinger and Dr Maynard again.,positive
"Really cool atmosphere, you can even sit in a trolley! Great value too. Soup or salad, pasta, and ice cream all included in the price.",negative
I enjoyed the house brewed coffee! The servers are very slow and they seemed to visit with each other way to !,negative
"Ula ula, hagamos ula ula, \nUla ula, ula ula al rev\u00e9s.\n\nI just can't get that song from the commercials out of my head!!!",negative
"Grub, great breakfast. Check it out",positive
"Service is great, but food is just mediocre. \n\nThey have a pretty good selection of food but nothing too extraordinary. \n\nExpect to pay around $30 per person for breakfast.",negative
"Amazing food, hospitality, and atmosphere!! The steak was so tender and juicy. The eggplant Parmesan was perfect!We'll definitely go back",positive
"How does a \""Mexican\"" joint mess up a margarita?!?! Staff is friendly but that's about the only nice thing I have to say.",negative
"This is a great place to order how YOU want not what they have, change your sandwich to have Green Chili, no problem. Love this restaurant.",positive
"The wedding this last weekend was great. Food, drinks and dancing by the pool could not have been better. Makes me think about doing it again just need a bride.",positive
"Highly recommend this place! delicious middle eastern food and fairly priced! we needed a place like this in the west valley, so people living in the west valley try them out, you wont be sorry!",positive
"Food was OK, menu shows items not meals total price 4 adults with drinks $ 47.13 will not return. ....",negative
"Typical Herbst. Dirty and poorly stocked, but needed some gasoline....",negative
The best tanning salon in the valley. Always friendly and looking out for the clients best interest when it comes to tanning. Inexpensive and awesome beds.,positive
"Spotty service, plenty of patio space - and over 2 for 1 happy hour scam 2 glasses of beer was 13.08. Complete tourist trap. Should have known better.",negative
"Oh my gosh, I Love their Filet/Lobster! Tender, hot & seasoned perfectly. I actually came back the next night and ordered the exact same thing. I'll come here again!",positive
"Went at 3am on a weeknight. Clean, quick, friendly and good food. I'll go back.",negative
very rude. will never ever go back.. and tell others not to bother. also very dirty.,negative
"don't like, i ask for spicy not a jar of red chili pepper. one person wating on 20 tables. you think about how quick you get serve.",negative
"Meh, standard Las Vegas hotel 24 hour cafe fare. Food and service: not bad, not great.",negative
Best Bartenders in Arizona. Friendliest owners also. Great spot for music and hanging out,positive
The food was OK. The service was great and the bar atmosphere and tv's helped.,negative
The caesar salad was surprisingly very tasty.\n\nI ordered the 17oz rib eye its not your typical thick rib eye this one was just wider. Still as delicious,positive
"NOT WORTH IT, and disorganized.",negative
"In the early 2000's this was my fav buffet, however this last trip it was horrible! The food was bland, and old! The only thing that was good were the Asian soups!",negative
"Great place to watch a game! Have a lot of choices for snacks and food. Cashiers do take Credit Card!!! Only problem was traffic, it sucks getting in and it sucks getting out!!!",negative
The food here is just good not great. Pricing is great for the large portions of food. Overall a good experience.,negative
Do not get breakfast here. Maybe other meals ok. Burnt toast & hashbrowns served cold. People who think this is wonderful must eat at Denny's.,negative
7 people in our party. Nobody ranted or raved about their food and mine (eggs benedict) wasn't anything to call home about. I've made better at home.,negative
This would be the chinese hang out. The food quality and price are the reasonable but the service is so- so.,positive
Nice course. Definitely over priced. Fairways are wide. Rough is generous. Greens are very challenging but well cared for. Staff is nice too.,positive
"Fish was fresh, restaurant is clean and prices are reasonable. Definitely would go back.",positive
Nice people but they charge way too much found out they were overcharging me by $200,negative
Food is ok...not great. The service is inconsistent at best. Management is nowhere in sight. There are better options in Charlotte.,negative
"love the food, recommend chicken tika masala (you can't go wrong with this one in any Indian restaurant) want to try lunch buffet sometime.",positive
Great place for good food and good people. Beer on tap is great.,positive
Slightly better than you would expect walking in...slightly. I'd go back though the club and chili are decent,negative
"Staff, freakin amazing, place trendy and great ambiance, happy hour is fantastic, rock shrimp, tuna tartare and more.",positive
Oh my god! Really? Is this what Pittsburgh considers their best sandwich? The pittsburgher?! I've had 47 sandwiches better than this.,negative
Great food poor service my step mom fell and broke her finger here on my birthday and not one employee offered to help,negative
"Dont take orders by phone. For someone who was ordering a surprise lunch pickup from South Carolina, that was not helpful",negative
Nice clean layout with helpful staff perhaps need to smile a bit more,positive
"The hotel is not GREAT but it's not bad either. It's a 3 out of 5---\nThe rooms are slightly run down, no Internet access in 2013???",negative
"Okay store, they don't offer double coupons, only at face value. Only come here for eggs and milks. Surprise that they are still in business!",negative
I just moved to AZ and needed a mechanic. My friends told me to go see Luis at 2B Transmission and so I did. I was very happy they took good care of me and I highly recommend him. Very nice guys!,positive
"We've been there quite a few times! The food is good, the portions are good, the service is usually good too and the prices are quite reasonable!",positive
Awesome bar food. Great staff. Good beer selection.,positive
Ate here for lunch/happy hour. Shared a lunch and roll with my husband. Located in the Middle of Mandalay Bay.. Pretty good deal for $20 Bento Box lunch deal.. $5 Asahi. Would eat here again.,positive
Had a good time after hanging out at First Friday. Drinks were excellent and husband said the Calamari was great too.,positive
Great food!!!!! I had a bag egg roll last time but its a hit or miss. But best Chinese food around this area,negative
Food is great but service is consistently horrible. To the point where it's actually humorous how bad it can get....come with patience for dine in or even a take out pickup,negative
"AWFUL, AWFUL, they do not wear gloves they touch everything with their\nhands.",negative
"In the District, outside seating...like having a lil shindig in your garage! For some reason it doesn't get at busy as it used to be still doing their thang! food is pretty good, drinks specials.",negative
"The chips and salsa were awesome, the salsa had good heat to it. I got the taco platter. It was alright, nothing special.",negative
Perfect fruit bowls cheap prices free pool meet and clean place ...I strongly recommend,positive
A manager did call back and said they would call back in a couple days. Never heard from them again that was 10 days ago. So they took the $25 in cash for the bill and charged my card $25.,negative
"Just a big cluster f@!#, over priced in everything, the concert venue SUCKS, the location, the rules and once again pricing. \nJust not a pleasant experience.",negative
Coconut Mango Wings are great! I was traveling for work so I couldn't try a mojito but they looked like the real deal!!!!,positive
I could write a book on how good this place is. Menu is flawless. I've had almost all of it. Love all of it. Garlic rice is my clear fav!!! You just gotta trust me and go and get some,positive
Service as not good. The waiter was not attentive to the table because gratuity was included. The entrees took way to long to come out and do did the check and the connecting procedure ....,negative
Terrible store lay out. Clearly designed by a tired 3 year old with ADD,negative
Growing up in Vegas this was an ok buffet. Definitely one of the better ones though.,negative
"Usually the food here is good, but today our orders of fried rice and teriyaki chicken all had that nasty burned taste. Unfortunate.",negative
"I have been to this location several times. Each time the service is poor and the food is no better. They have a great selection of beers on tap, but that is about it.",negative
"Really good food and quick service. My wife and I had beef and crispy noodle, roasted duck and shrimp and sausage fried rice. Real yummy food.",positive
Frickin awesome!!!! I love secret pizza! I totally wanna open up a place like this in Hawaii! No frills just great pizza and great service! Definitely hitting up this place next time I call in sick!,positive
The food was great and the staff was nice. The only thing is that our food took forever to come. We got there at 7pm and got our food at 8:30p and the restaurant wasn't even crowded.,negative
Nothing positive to say about this venue. I am always disappointed when a band I love plays here.,negative
"Great lunch, and better service. The grilled chicken and crab dip were a good combination and left me satisfied and happy. I'll definitely be back.",positive
Very spicy BBQ! Great place to hang out and watch the game.,positive
"Chicken fried steak more like chicken fried doodoo, nastiest chicken fried steak I ever had in my life. I'll stick to the breakfast menu.",negative
"Worth trying once. The service was good. The food is good, but nothing over the top. My pork chop was a little dry but the calamari and mashed potatoes were tasty. Loved the brownie for dessert.",negative
just wanted a quick bite to eat really nothing today just got the xxl nachos and freeze -- I think I got food poising not feeling good will call in am and report,negative
They won't take their own coupons from the back of cash register receipts. \nNo more food from here.,negative
Great coffee. Great food. Great prices. Cozy hang out. Lots of vegetarian options too!,positive
"Another great place for lunch. Nothing special, just good food. Always consistent. The Mongolian beef and cashew chicken are always good. They always have good lunch specials.",negative
Great fresh not greasy food! My boy waiter seemed like it was his first time in a restaurant but he must be somebody's nephew. A very enjoyable delicately spiced meal,positive
Found a piece of thick human HAIR in my egg rolls! Gross! Pork bun was raw... Not fully cooked . Don't waste your $ here. So gross . This place is unsanitary ! You will get sick.,negative
A little hard to find but great service and very filling food.,positive
The bartender screaming the f-word was an instant turn-off. Rowdy crowd.,negative
"When i'm in need of major color, I always come here and get the dark in a day. 50 moolah and you can get 3-4 shades than what you came in with. it consists of level 5 tanning bed and mystic tan.",positive
"Delicious! We loved the curry and Thai spice. We thought we would get more seafood/meat per dish, but it was still good. Flavors were fantastic!",positive
Ecasketch bad service. Wrong order. Poor chris ..super hereo sosa to rescue! Dipped chocalate cone check. Lol!,negative
probably one of the worst pedis. she cut my big toe nail too short. it bled a little,negative
The pickles are way to salty! Sandwiches are truly mile high! Tempe location is a bit smaller then the North Scottsdale location offering a younger crowd! Amazing desserts and pastries!,positive
"I ordered pho, the meat tasted like it wasnt cooked. I told the waiter and he replied: \""you shouldn't ordered that\"". Worst pho ever!!!",negative
"Great service, but the paella was tasteless, with all the charm of a mix. Wolfgang Puck surely can do much better than that!!",negative
Stopped by their truck today at the street eats festival in Scottsdale. Top quality. Great taste. Good size portions. You can tell there is pride in their product.,positive
First time I had I fell in love !! Great good and great prices !! You really can't beat it!,positive
"Awful wings, filthy tables. Good luck getting drink refills... and on a Monday night, hate to be here on a busy night",negative
Regular pizza at fine dinning prices,negative
"Good food, great atmosphere, wonderful employees and live music. Offers more than your run of the mill coffee shop. Not to mention a fantastic beer selection!",negative
RIP Hanshiktaco. You will be missed.,positive
We love this place!,positive
This place keeps trying to take down the pics I post of their horrible work guys. Don't go here. They take down post that make them look bad. I promise.,negative
Don't even waste your time or gas it's a total rip off. not to mention the man who owns this Mr. Jim Rhodes is a crook. If I could give it negative stars I would.,negative
Another average buffet on the Strip.,negative
"Taco Tuesday begins usually after 4:00 PM. Also, they advertise 1 Dollar pints. The food difficult to rate because its hit or miss, the meat maybe tender or tough, dry or juicy. Good Luck Yelpers!",negative
"Horrible service, rude server, bad drinks!",negative
"Very , very , very poor service by employees at this station. Daughter was stuck there for 13 hrs. They should fire all employees and start over , never again.",negative
Pizza was good but over priced! Beer was 5 bucks during happy hour c'mon! If it were next to Oreganos I would go to Oreganos everytime.,negative
"Great food at reasonable prices. Not the most comfortable seating and the tables are crammed together pretty tight, but again the food is worth the trip.",positive
Hostess very rude! She wouldnt let us sit at a table even though the restaurant was EMPTY! !!,negative
"Downstairs, a bit awkward but food was decent.",negative
Everything I've tried here has been amazing. There is a waitress there named Debbie & just the sweetest lady ever.,positive
"Great rooms. Clean. Nice location. Girl at front desk has attitude, that was the only problem. I would stay here again.",positive
The chicken Mac & Cheese is hands-down the BEST Mac & Cheese EVER. And I've tried quite the variety.,positive
We had my sisters grad party here and they entertained and served all 16 of us perfectly. Food was great & portions were big. \n\nWill def. be back,positive
This place was a mess due to remodel. We opted to leave and eat at Flemings instead. They really should just close and complete the remodel.,negative
Ok customer service awesome prices LOVE the price match feature Walmart has to offer.,positive
Went to the Titanic exhibit which I enjoyed but the building itself is pretty nasty on the inside. Wouldn't want to stay or gamble here. I did get a picture of the famous O.J. white Bronco.,negative
Overpriced (for what you get) but you should already be expecting that already. The staff was actually a little annoying - food was enjoyable though - 3.5-stars if I could.,negative
"My very favorite place to have breakfast in Madison for 20 years! We go there every weekend. The spinach crepe is my personal favorite, but just about anything on the menu is great.",positive
Really cool atmosphere. Mediocre food.,negative
"They have the best bread, pastries in town. Fresh Bread daily. Price reasonable and friendly cashiers/assistants.",positive
best coffee around.,positive
"I might be biased, but Ryan the bartender is a great asset to this bar. Great service.",positive
Too slow here. Not all but some of the people that work here must really hate their job and people.,negative
Great food. We had 4 different choices. Mostly salads and a pizza. All of it was delicious. We did not have multi-course meal. I would go again.,positive
Food was outstanding. Well worth the wait! Nonstop customers!,positive
Amazing macarons! Best in Vegas!!! And I also love love love their sherbets. Amazing store,positive
Excellent food!! Colby meatball amazing. Definitely ho to this restaurant when in Vegas,positive
"Ok, that's about it. About what you would expect. Most recent visit was for a midnight showing. They do earn points for having plenty of people staffing the snack bar. Anyway...it was ok",negative
Friday Fish Fry!,positive
"Nice nice folks, pretty consistent inventory. Their 3 g's for $45 less $5 for an AARP cardholder is a bargain. Highly....reccomend!",positive
These sandwiches scare me.....,negative
capital T for Terrible.,negative
I was not impressed with anything I have had here and probably will not return. The sushi rolls were small and left a sort of weird aftertaste in my mouth. Everything was just okay.,negative
This is the best Mexican food I have ever had... There tortillas are the best in town! 5 stars,positive
"Just o.k. to me. The two best things about it are 1) The view, and 2) the french fries.",negative
Average burger joint. Good value in a cheeseburger/fries and drink. Pastrami is decent but a little too greasy for me.,negative
"the pizza is good , but I chicken parmesan it was burnt.I really like the pizza was crunchy like I'm used to in New York.",negative
"Solid diner food. The Chicken Fried Steak is \""legit\"". Their version of Loco Moco is \""meh\"", you should pass.",negative
Let's put it this way - I was inspired enough to create a photo essay in powerpoint called 20 Reasons the Luxor Sucks after my stay: http://www.slideshare.net/davidberkowitz/20-reasons-the-luxor-sucks,negative
This place is now CLOSED.,negative
"Very limited menu. No veggie tempura? No spider roll? Very average. I was not impressed, especially for being in Vegas. There are so many other better places around to go.",negative
Absolutely the funniest show in Vegas. He will have you laughing the entire show. The auditorium is small so every seat is a good one. Special effects and audio is amazing. A must see.,positive
Haze is a very nice club. I didn't enjoy the long lines or the fat that there were no seats available for regular patrons but I guess that is one of the clubs rules.,positive
"I ordered the Machaca con Huevos; Superb! However, the service was super slow though. Because the food is so good and authentic, I give them a pass.",positive
6 dollars for a large dirty chai which was 1/3 ice. Have these people lost their minds?\n\nGood coffee but way too overpriced.,negative
"They make a decent pie. Interesting combinations instead of the usual fare. The price, I think, is about $5 too high for what you get, but it is fairly tasty.",negative
We were so hot and craving something cold so we decided to go to frozen yogurt. We drive 7 miles in the heat to find out that this place is closed. It should be taken off this list!,negative
It such a pleasure to be able to work with Tom Speaks. I agree with everyone else who has given Tom five stars. Tom goes beyond the call for his customers. He is all about integrity and excellence.,positive
I'm giving a 1 star review based on the fact that its a newer casino but yet it has NO POKER ROOM! They took it out since they were not making any money off it.,negative
"Best food I've found in pit. Fresh juice, local eggs and bacon and homemade sausage. They just need wipes.",positive
This place is pretty cool. Love the decor and the staff is very friendly. I did get sick after eating here the first time. lol But I am willing to give it another try!,positive
This club is a has been... That is All!,negative
Pas un bar pour aller discuter entre copines : la musique est bien trop forte pour s'entendre parler. Dommage,negative
Great nan and vegan options on menu. Will be back for buffet.,positive
Waited ten minutes for drink order to be taken. Then were told we had to wait because the kitchen was backed up. Then had to wait another 20 mins for check. Food was okay.,negative
Had a great happy hour food was great and staff.,positive
Food pretty good and service not bad. Made a pretty good AMF that I enjoyed. \nFood portions are HUGE. You can order one thing and share it.,negative
My new favorite seafood spot,positive
Stayed there with my parents in June. Clean and spacious rooms with a new/modern feel. Breakfast good.,positive
"I love this place! Truffle pizza, lobstar mac and cheese, and duck tacos. The three things needed after a long day of work. Sign me up anytime and everytime....:)",positive
"One of my favorite places. The stuffed dates are amazing, as is almost everything I've had here. Loved the lamb skewers as well. And the Sangria!!!! Great service to boot!",positive
"Amazing Breakfast, eggs were perfectly cooked, hash browns were delicious, and the French toast was amazing, crispy on the outside and soft in the inside. Yummy!!!",positive
This place is A dive. Really surprised this place is still here. red neck heaven. Don't recommend this to anyone. Restrooms are filthy. They don't serve food. Just beer. Liquor.,negative
My new favorite the voodoo salad - the dressing is what makes the salad and the feta cheese enhances it. The customer service is outstanding!,positive
"Affordable, good deserts!",positive
"What can I say, awesome, probably one of the best pizza's I have ever had.",positive
"Good wings. They were ginormous. I felt like putting my feet up on the bench, and no one gave me any guff about it. You don't need much coin to eat at hh here, friends. Great wait staff, awesome work.",positive
Service is extremely slow and the food is nothing special. It seems convenient until it takes 2 hours to have breakfast.....Not a fan!,negative
"It is nice that they offer their smoothies with Splenda. There are many options under 250 calories and they're even 24 oz, not 16 oz like Jamba Juice.",positive
Food was very good! Had the stuffed sopapillas and chimichanga farmer style with christmas sauce. Service was excellent. Loved the 3 different salsas that came with the chips.,positive
Went here for breakfast.. \nNot the greatest.. I wouldn't go again.,negative
Great lunch spot. The combo lunches offer good variety of entrees with great accompaniments. Soups are excellent. Ingredients are fresh.,positive
"The food is just okay, never horrible but never all that great. It is a fun place for a group but it is a tad gimmicky if you ask me.",negative
best coffee shop and best coffee in phoenix. they do their own italian roast right there. great people and art too. awesome place to relax.,positive
Their dishes are pretty delicious and healthy for the most part; give or take an ingreient or two. Great service.,negative
Their Antipasto is good but pizza is expensive and tastes like its frozen. Definitely not worth the price.The service is not real friendly either.,negative
Great little place. Treats you like a local.Eaten here 3 times a week for a month. Same overtime. Barb is always here.,positive
Love this place. Always something new. Changing all the time. Very user friendly. Also lots of fun shopping. Good food every where. Live intertainment. Even the security was helpfully.,positive
"Food is good, beer is amazing! Highly recommend stopping in if you're in the neighborhood.",positive
Magnifique! Riding around town on a scooter is the way to go! Such a fun way to explore a new city!,positive
"I love this place! They have something on the menu for everyone; healthfood for the fit, waffles and pancakes for the kids, and superb omlets, bagels, and jalapeno bacon for the rest of us!",positive
"My favorite place to work out in Vegas! Great atmosphere, encouraging coaches, truly makes working out fun!! Also extremely reasonable pricing and convenient class times offered!",positive
Happy hour was great. Beverages and 2 loaded appetizers for under $20. Worth the visit.,positive
Very nice Sunday brunch. Varied menu. Tasty food. Adjacent to the Capitol Building. Not as crowded as some of the other brunch places ( with food just as good).,positive
Been there 2x both times tacos were delicious! Servers need a lil more help getting the drinks out faster but the food is great! Can't wait to go again!,positive
"This is it ,the best price in town,no other donut shop in Arizona can beat this place about the price. This fuckture prune donut alway hot.oh my god",negative
"You can drink wherever. There's slot machines every 10 feet. And, there's enough bachelor/bachelorette parties to fuel a Roman orgy. Roman?!?! THIS IS AMERICA DAMMIT!!!\n\nUSA! USA! USA!...",positive
"This was a no frills cheap buffet, with surprisingly decent food and quality. You wont find anything special here but it was better than eating in the food court. Prices are pretty low as well.",negative
Make sure you check the price I saw them charging more than the listed price and brought it to there attention to no avail,negative
Great filled doughnuts. We used to get a box of these every Friday night at work (I worked second shift). Good memories.,positive
"I really loved this restaurant. I thought the food was beautiful and the atmosphere was tranquil. I am also not a desert person, but their rice balls filled with sorbet are truly stunning. GREAT.",positive
"Love this place for what it is..Seedy yes, Cheap..Yes but its the low end of vegas . seen a young kid win 5k here..",positive
The service was great. The food and atmosphere I did not care for. I thought their famous deviled eggs were not good at all.,negative
Great place to watch the game. Yummy hamburgers and a fun atmosphere. They also have some fab. live entertainment on the weekends and a nice patio.,positive
"This place is amazing: the architecture is modern and the sound the best I know. For classical music lovers, a \""must\"" in Phoenix, AZ. Not sure what offers other program than the classic.",positive
Great family-friendly attraction in Las Vegas that is educational and provides a lot of variety with it's seasonal festivals. I'm a member and continue to enjoy it year-round with the kids.,positive
"Fantastic is all I can say. I drove 20 minutes for this and I will do it again. Linh, thank you. Doesn't get better.",positive
I crave their jalapeno fried rice. AMAZING!,positive
I love to get my pedicures from Lee when I go here. He gives the best foot massage ever. Their prices are great and the location is easy to get to.,positive
I thought the location move would help this pizza hut. I was wrong it takes an hour and 30 min to get food and its cold. How does it stay open?,negative
"A low-end convention center. I guess it's probably cheap for them to rent it. Just kind of dingy all around. It does the job, but not if you're holding any sort of high-end event.",negative
"The store itself is OK, but the bathroom is DISGUSTING! (See Photos)",negative
Don Rafa has closed due to economic reasons. :(,negative
"The pizza here was good, but not worth the money. For the price I really expected something different. The pizza was very basic nothing really speacial. It was good but too simple for the price.",negative
Great place to watch a movie. I took advantage of the Yelp discount and there were no problems. Its a little tough to find so map it out before you go.,positive
"This place is fucking garbage and should be condemned. First room I got was fucking filthy, internet drops in and out and the dumb motherfucker at the front desk is NO help.",negative
Really good pizza! It was not greasy and it was so delicious.,positive
I don't get it... Why review the capitol? Would anyone consult YELP in making a decision to visit?,negative
"Pretty lame. It's far away from the strip and outdated. No cool shops and no good places to eat, but if you're into thrill rides and a cool view, you should check it out.",negative
"My vegan stew was good.\nRoot beer was good.\nService was good.\nPrices were good.\nLocation was good.\n\nNothing spectacular, but getting all the above right definitely deserves 4 stars.",positive
"less than average breakfast joint .\nIf they don't have fresh orange juice , they shouldn't be calling it tutti frutti.\nnever again",negative
"About as good as Poutine gets however... Service is reasonable. Prices - fair. Selection - great. Burgers (yes, burgers) - very good.",negative
Best Gyros in Illinois. Fast and delicious. A campus treasure. A Champaign treasure.\n\nThe gyros are authentic and the santiki (?) sauce is second to none. Greek salads are another highlight.,positive
"Delicious!!!!! Good price, excellent food!",positive
Nothing special. My braised meat was dry and my husbands pasta was bland.,negative
It's cheesecake factory. Nothing to be impressed with but it gets the job done.,negative
Place is abandoned and locked down. Phone is out of service. Still merchants inside just no one to sell it.,negative
12.00 to Valet? Yeah right. Best to treat locals better. DownTown Grand? You are 86'ed!!! Plenty of other places to go out and hang.,negative
Healthy portions. Overall taste... decent. I expected more because this place came highly recommended from a friend.,negative
"Really, a 45 minute wait at 11 PM on a Sunday night? \n\nMy thoughts until I tasted the Combo Pan Roast. So damn EFFIN good!!\n\nChef JJ and server Joe rocked...this place is a new Vegas tradition.",positive
Just plain nasty.... Foods cold always.... Restaurant is Dirty (How are you in Business) Employees really now your rude as f***! Change is indeed needed!,negative
"Fantastic find. I had the eggs Benedict for brunch, very good. The chorizo was delicious. I will have to go back soon for tapas.",positive
Sorry I posted this to the wrong business. My bad !,negative
"Only been here once, but the selection was great and the rolls were awesome! Not my fav. but defiantly great rolls. My husband had the sushimi and loved it.A bit over priced though.",negative
Used to really like this place. But just came here and sat for 40 minutes and no one ever came up to us. Got up and left. Huge disappoint.,negative
I really love this place. I feel like I'm on vacation somewhere in the islands when I'm there. The food is really great.,positive
Get the tacos! They are awesoooome!,positive
"Great place for cheap, and variety. If only they could be open 24/7. Also it may be cheaper buying from a whole sale spot like Cosco, etc.",negative
"I have experienced a LOT better than this, and a lot cheaper too. Our food was lukewarm and lacking in meat, especially for the price paid. I'd avoid like the plague, to be honest.",negative
We have been dining at BG for several years now and it is still the best all around Indian experience we have found in Charlotte.,positive
great gyros and friendly employees!,positive
Pizza and calzone were perfect. We will be ordering takeout again. Delicious crust on the pizza and wonderful ingredients for toppings.,positive
"Awesome, Delicious, Yummy...!! No words to explain....!! Excellent Service...!!\nEspecially by Louis. Worthy place to enjoy your anniversary. Scenic view of the Phoenix city...!!",positive
"FANTASTIC! !! Wonderful family and they have great food TOO!!! Everything is amazing, you really can't go wrong, they even make tamales.",positive
Great place to get your phone fixed aka cracked screen! Recommended a great laptop too! Five stars!,positive
Well priced. Away from tourist location. Good spacing between seats. I go here very often. If there is an issue they will fix it right away!,positive
"Not that great. Expensive. Photos look better than the real thing. \""Sell the sizzle, not the steak\"" applies to this place.",negative
Great interactive museum! We have visited twice since moving from TX.\n\nLoved the dinosaurs.,positive
Wow. Just love coming to this place when in town. Food & service is great. The morning cook is picture perfect great.\n Only problem is I always eat to much. \n You just can't help it.,positive
Great customer service they just didn't have what I needed,negative
It's like going to see a movie in your own home there. Really really comfortable seats that recline all the way back. I will only go to movies here.,positive
Well the food is so so not really good\nI was eating lunch with all my family this morning\nAnd the food was terrible and the server is unfriendly ...,negative
Gross food horrible parking.,negative
"Awesome food, crazy low prices, and their sushimi is incredible!\n\nWould recommend to anyone.",positive
"Solid breakfast eats, and the only place convenient to the Las Selmas residential area.",negative
Great coffee shop! Nice place to meet clients or friends. Very friendly people.,positive
"Great bun, great service, great prices.",positive
This place has a bigger dance room rather than other places.,positive
The concert for Great White was great...But you guys need to get your act together on how you serve your people...The line was a half hour long...under staffed...very very disorganized...,negative
There drive-thru is really slow late at night but there new late night combs are so yummy.,negative
"Great prices, casual atmosphere, heavy pour on the cocktails, this place is a downtown staple. Oh, delicious sandwiches and free popcorn.",positive
This was a well run restaurant with delicious food and top notch service. I just wish I had been more adventurous when ordering. I played it safe with Chicken when I should have gone for the Lamb.,positive
"I had some kind of grilled chicken sandwich with arugula on fococcia bread. It seemed bland. If I went back, I'd try a burger or rueben. Atmosphere and service were good, though.",negative
awesome eyebrow threading place. fast. cheap. great service. i've been here multiple times and i've always walked out with fabulous eyebrows!,positive
Awesome place took my Mercedes In to have my lowering spring installed they were quick fast and friendly definitely will be back. You guy's rock.,positive
"I was really unimpressed by the quality of the food, especially for the price! It wasn't bad, but not somewhere I'll be going again.",negative
Really good food! And one if the few Chinese places where the staff smiles.. Good vibes ;),positive
Ordered based on Yelp reviews. Best Chinese delivery we've had in this area! Yum!!!,positive
Food was average and service was sort of lacking.,negative
I grabbed a quick meal there while doing Christmas shopping; low 'n behold they managed to cram even more variety in this tiny little eatery.\n\nWhat's still a constant is value for the $.,positive
"So yummy.... Ate there again for lunch today. Good service, great pizza and salad. Great lunch deal. Love the drive through for weekend nights.",positive
"The food wasn't too bad, but it wasn't anything astounding either- particularly for the price you pay. I'd give it four stars if the prices were cheaper. \nCornbread is pretty great though!",negative
"This place is tasty! \n\nI had a chicharron and a bean & cheese papusa. They were delicious. At $1.75 per papusa, they're a bargain.\n\nI'll be back!",positive
"Good food, good service. More of a bar than restaurant.",negative
"So sad, rolled up to a sign today that said closed indefinitely.",positive
"This mediocre, at best, restaurant has closed.",negative
"Breakfast is greasy. But, the Chicken Smoker is solid, if not spectacular, airport food.",negative
Nothing that outstanding.,negative
Food was good when it finally came. Portions were small. They had no staff working. Waited 20 minutes to place drink order. Probably will not go back.,negative
Amazing chicken dumplings got us very excited for our meal. Then had bland mango chicken. Something that resembled tso chicken and chicken pad Thai \nBland bland bland,negative
"I just had it for lunch: for about $20 I got a seaweed salad ( somewhat tasteless), and sushi from all day HH menu: spicy scallop( quite disgusting) and Caterpillar ( liked it). \nNah, wont come back",negative
Terrible customer service. Just awful! Expected way better from this place. Never coming back!!,negative
I had a ribeye and creme br\u00fbl\u00e9e for desert. It was the best meal I have had in a long time!,positive
"Vast variety of beauty and hair supplies. For ethnic, hair professionals and woman across the board. Reasonable, clean, friendly staff. But NO REFUNDS!",negative
Earl of Sandwich! You are truly the best hot sandwich ever! Why are you so far away from me? WHHHHYYYYY!?!!?,positive
Celebrated a friend's birthday and had great food and service. Their Lolita rice is excellent. Great service by attentive waiter named Nathan. I would definitely return.,positive
Love this place .. New menu is so good . Beer battered kiltlifter in house best idea ever .,positive
"This place was ok, i went on a thursday night, it could have been better on a weekend. I had an ok time.",negative
"This place has decent food. Pricing is average. Not too expensive, but not super cheap either. I will say that the service is wonderful. They are very attentive and friendly. A very welcoming place.",negative
Monica did a great job! She makes sure you like your eyebrows. If you are unsure she will suggest different options for you to decide. Overall great atmosphere and price,positive
I went for an ombr\u00e9 at LV hair and I absolutely love it! She is so professional and sweet and makes you feel very comfortable! Definitely coming to her from now!!,positive
Maybe they changed cooks but the last time I went there was the first time I was ever disappointed. Everything just seemed to lack flavor. So sad.....,negative
Good tasty food...Spices are added appropriately for the dishes...Must eat place if visiting Vegas...,positive
"Great subs, great service, great value. The whole family enjoyed the place. If I lived in Vegas I would eat there more often.",positive
Best BBQ in Vegas! Great staff and greater food.,positive
"You're not going to do much better in the Phoenix Metro area. Sure you can go to Chompies, but after 25 years, its nice to have another option. They get my business when I'm in N. Scottsdale.",positive
Great place for lunch. I've only had the General Tso's chicken and it is consistently good. Minor complaint....the music.,positive
Family owned great Mexican food !,positive
"They never wound up contacting me even about my lost items, just to try and sell me stuff.",negative
Great service and prices!,positive
Untrained!!!! Ive got abrasions & a swollen eye 2 days later. Im not looking forward to healing this disaster & growing back my now too thin eyebrows.,negative
"The carne asade here is cooked right, carne asada should not be the consistency of beef jerky and they know that here. They also have a drive-thru.",positive
Authentic & formal dining but not strict dress code. Aloo gobi was great & very hot. Great waitstaff.,positive
"This place is trashy, but the music is good. People literally do drugs in public here.",negative
The $140 tasting menu ready hit the spot...the servers are super nice and friendly i've been here countless times and the food and the service never changes...,positive
"It looks a little scary, but don't let the carpet on the floors scare you. The food was fantastic. I would eat here again.",positive
"Although the pop art theme seems to lose a little In the translation, you can generally find a friend or fbuddy (the choice is your) in the crowd of twenty something's \n\nNog",positive
Love this place. Never have I ever went in their once and not been satisfied. Great service. Amazing food. Amazing prices. Especially their happy hour,positive
The food is decent but the facility has a smell about it that turns my stomach. Upon looking around the carpet is grossly dirty.,negative
Quiet off the strip breakfast spot. Food was good not great. Their pancakes are huge and service is excellent. We got the veggie omelette and it was nothing special.,negative
"Great service by Jen, really attentive and very helpful explaining the options. A bit on the pricier side for color 11x17s, but the same day service definitely helps justify that price a bit.",positive
"There pizza is really good have many sorts BUT for paying 26 something a person I wouldn't go back for it.\nThe food over all was eh, nothing was GREAT really the desserts were boring.. Not impressed.",negative
"Great place very hip, clean and nice decor. Very nice people food is very healthy and good. I would definitely refer it to friends.",positive
"This place has a really great wine selection and the staff are super friendly, patient and knowledgeable. I love it here and also really awesome happy hour deals.",positive
Milkshake! need I say more?,positive
This place went out of business shortly after January :-( So unfortunate when a great place somehow disappears...,positive
What's the hype???\n\nThe burgers are all right fries are okay but what gave this place my third star is that the mint shake is probably the best shake I ever had. NUff said,negative
I was told it will reopen at a new location. Fine at least remove the old address!!!\nI updated Yelp about it but there's been no reaction from management.\n\nOk that's the new address now.,negative
Very friendly lady that works there. Good clean place.,positive
"Richard was our server, fantastic young man and a master of his craft. The food was delicious+. They deserve nothing short of 5 stars for both service and food preparation.",positive
Complete rip off. Paid $110 for 2 to eat a dinner that seemed like it was cooked at Denny's. \n\nDo not go here,negative
Great breakfast and fun atmosphere! High quality at a reasonable price.,positive
"Favorite Dinner... Kolbi Ribs (well done) w/ Macaroni... Service is good, says Hi John every time I come in to eat. Love",positive
mmmm....I love the Burrito Bowl....I think you get more for your money. They have their signature Rice with Lime & Cilantro now with Brown Rice. And I love the Guacomole....Mmmmm.,positive
"OK but would not choose it over other great restaurants in the area. Portions are good, but the food did not taste fresh the taquitos, were dripping from lard just not appealing.",negative
"I really do not understand the hype. \n\nI mean, it is good....not great. Not worth standing in a line stretching down the sidewalk. \n\nA lot of choices, and super friendly. \n\nJust nothing special.",negative
"Good salad selection, healthy choices, great beverage choices. Prices were pretty reasonable.",positive
I have been to many pho places in the valley. This place is amazing and one of the best,positive
"Place to noisy , massage supposed to be an hour , was only 50 minutes long , a little disappointed after all the recommendations I got for this place .",negative
"Very nice,very speedy service.cool atmosphere....nice waitstaff and crew,and the food is hot and served fast",positive
Over priced. Over crowded. Not worth the wait or $$ for meat and potatoes.,negative
If you don't know you better ask someone! I believe the best custard in town!,positive
This is just very bad bbq and poor service. I have given it several chances and nothing has changed. Will not be going back.,negative
"Smokey, inattentive staff with poor restaruants. \nThe movie theater, and the starbucks are the only thing that is saving this place for me...",negative
Came to check out the games for the kids. So far so good!,negative
"Soo delicious!! \nObsessed with this place!\nFinally I found a place that has healthy, delicious, and reasonably priced food! \nI had the vegetarian sandwich with the quinoa salad and fell in love!",positive
"The bar tenders were super friendly, and I loved feeling glamorous in this little bar. The cocktails are top notch. Next time I'm in Vegas, I'll definitely make a return visit.",positive
Best Indian food I've ever had! This place was amazing. The buffet was only $10 and it had a great selection. It came with naan... Amazing! The service was great also. :) I definitely would go back.,positive
"Tom Collicchio of Top Chef fame has a chain of Craft steakhouses. This is his fast food sandwich place, hence the clever name. Excellent chicken salad and roast turkey sandwiches.",positive
"great fish, great coffee, don't order the fish if you aren't hungry! good friendly service.",positive
Meh.....,negative
Mediocre food at best and overpriced.,negative
Far away from real Chinese food. Doesn't even taste good as American style Chinese food.,negative
Nice selection but the staff in the wood flooring dept really did not want me to shop or compare. He kept pushing me back to a non returnable clearance item . RUN to the Tucson store and Joseph.,negative
As a creater of homelessness I realize the human cost. This location has good books.,negative
"Oh my word, thank YOU Scottsdale.\n\nHeaven in a slice of meat & potatah! Yes, I said \""potatah!\"" \n\nYUMM. Freakin' yumm... Good 'ol meat and potatoes.",positive
"The kitchen was closed and we felt like we were being shoved out the door 45 minutes before closing. The pastries we had had a refrigerator after taste.\n\nSorry, we were not impressed.",negative
"...just finished. Wow. Service was great, good was amazing ...I could go for another round. The roll with the Kobe beef on top. Get that one.",positive
"Bland burrito (even with salsa, cilantro, onions, everything) couldn't finish it. And the chips were way over seasoned. Queso with the chips was the most edible thing but I wouldn't order it again.",negative
Eli & the rest of the gang here are amazing! Stop in and let them give you a demonstration; you won't regret it!,positive
Flat iron steak was darn good at a nice price. Only reason it isn't a 5 is because the beer selection stinks and the saloon was dead.,positive
"Not coming back. Unappreciative (not saying thank you), energy just not good. There are too many other places to have to deal with the bad, again.",negative
You likely will get sick.,negative
Great Place to go to any time of day,positive
Always fresh hot pizza. We love this place. Always our first choice. Just the pepperoni and salad every time. Great service.,positive
"I do photo shoots with brides all over Las Vegas, but the Neon Museum is still my all time favorite place to shoot. Epic!",positive
Whhhhhhy didn't I look at yelp reviews before I took someone there for their birthday. Omg this place needs restaurant rescue. The food was awful... They only had half the menu available anyway. Yuck.,negative
Good food at a reasonable price in a very comfortable setting overlooking the strip.,positive
"The food was great. So was the service. The building is cool, as is the bar. We won't go back. The music ruins it. Bad call guys.",negative
"D'Lisa is great. I was 6 minutes late for a Brazilian today. She still had a smile on her face. It was fast, furious and almost painless. She's the best!",positive
"I just completed this hike and made a video, see for yourself if you want to accept the challenge.\nVideo of frenchman mountain\nhttp://youtu.be/lHASly540w0",positive
"debated if it gets 4 or 5 stars, because the food is so crappy. however, pete's coffee, babcock ice cream and local beer ftw. the place to be all summer.",positive
"I thought I left a review for this place. I was disappointed with the selection, a lot of the bags looked old and cheap.",negative
Too expensive! I prefer other sub places like Port of Subs for the same price. I like picking out my toppings and seeing what they are doing...\n\nThe staff was excellent though.,negative
This place is delicious...huge portions but Wow!!! So worth it. The lasagna was to die for. Totally recommend Carmine's. Bread basket is great too!!!!,positive
I had a tongue burrito (listed under Torta on the menu) today. It was awesome!,positive
Just ate. If you are a foodie you will be a little upset at the value but will maybe enjoy the meal...get ready for an expensive meal you could duplicate for half the cost.,negative
Drinks are great. Food is fresh. They say it's authentic Mexican. I would say authentic American Mexican.,negative
"Haha I have been coming here for 10+years... It has never changed, and thats a good thing,",positive
Cafe Myriade is a small unassuming cafe but they serve a nice selection of coffee and Black Cat espresso. Nice selection of pastries as well. The smaller setting is welcoming.,negative
"Bad service. I felt uncomfortable, and there were no restrooms to wash up after eating jerk chicken off the bone.",negative
Tuesdays half of food. they have good wings.they also have pool tables and Fridays they have djs,negative
Everything was so bland. It tasted like nothing.,negative
"This branch is getting worse and worse. Showed up at 10am, as advertised, and no one there. Tired of waiting and I left at 10:15am with 4 other customers.",negative
Cupcakery. Monte Carlo. \nCoconut. \nStrawberry shortcake.\n\nthe cakes were Moist. Not too sweet. frosting was alright. definitely a solid cupcakery,negative
"Love this place, we need to make a deposit employees were friendly and had a positive attitude",positive
boling crab how can you go wrong with this place man the best ever i will be back soon .,positive
"This is my favorite part of this airport. I love when I have to fly through Charlotte so I can stop in there. Breakfast, lunch, dinner, drink, snack - It's all good!",positive
I've never set foot into the Anvil or even back in its Mason Jar days but; a friend of mine in Tucson has some good memories of the (late) CellBlock down E Indian School.,negative
"Made a reservation, drove down from North Scottsdale (in a storm) and they're closed! Taken off our list. So unprofessional. If you're closed then don't accept reservations online.",negative
"Average brunch fair with runny scrambled eggs, greasy bacon, but a good omelette. Poor and crowded buffet layout. For the price? Ha. You're better off heading down the street to Denny's.",negative
"Dr.Adams is great! Rest of office parley run. Long wait time, violations of patient privacy, loud staff!",negative
"Atmosphere was great.. Worth admission costs for seating, sound, etc. But parking and traffic is horrible and 13 dollars for a beer.. 6 dollars for a bag of peanuts.. Way overpriced..",negative
Fantastic food. Decent service. The location leaves something to be desired.,positive
"One of my favorite charlotte restaurants. Food is always good, service is always decent.\n\nJust wish they would add more options/change the menu every once in a while!",positive
I wish it were closer. I love sampling from each truck. You gotta love when you can have a smoothie and burrito at the same table.,positive
I liked the concept of this place but wished the food taste better.,negative
Great price solid service but always come for the great food.My favorite dish is the Chicken Panang!! Delicious!,positive
You can make anything vegan and it's delicious! Thai tea with soy milk was the bomb! Tastes exactly like regular Thai tea but without the stomach ache,positive
"A little overpriced, but they are in south scottsdale.\n\nI had the BLT and really enjoyed it. I would definitely eat here again. The decor is really awesome, as well.",positive
"6 star for their Spring Roll if possible, it's still the best in Las Vegas as I think & 3 star for the slowwwwwwwwwwwwwww soup. Also, just found there is a minimum charge for credit card: $15!",negative
"Service slow. Food was partly cold and they didn't have the specials like the one my husband and I go to in Escondido, ca. If you have a local hooters my bet is its better. Stick with that!",negative
Poor guest service. If ur looking for service with an attitude this is ur spot. Won't be coming to this location again.,negative
"Very disappointed! Ordered delivery, food was cold and bland. Worst general TSO chicken ever tasted.",negative
"I thought Vegas buffets were supposed to be better... yes the display looked nicer, but the food was still... ehhh it's still a damn buffet.",negative
This place is great despite the bad reviews. Dollar tacos and 2 dollar burritos Monday Tuesday and Wednesday. Can't beat that.,positive
Love Love Love this buffet!!! We have been coming here for the past 3 years for our annual New Year's Eve dinner. Love it!!!,positive
Always a good experience at this place.I hope my hubby surprises me this year again and we end up at Mastro's having strawberries and that home made cream,positive
"This place is okay, but not super. I like Dave and busters more I think. It's just too small with the same old games",negative
Excellent. simply excellent. Best hotel for the price.,positive
"Kind of a lame dry cleaner. I dropped off some clothing that I suspect was only pressed, rather than cleaned and pressed. Additionally, their turn-around times are not very fast.",negative
"3 and a half star here at most. Good burger, but doesn't deserve 5 stars. Nice environment and nice set up. Workers are still learning.",negative
"Overpriced, bad service and basically not very good food. Food ranged from average to almost inedible. I 100% agree with Chad E",negative
Had a really good beef and sausage combo dipped in aujus (gravy). Make sure you ask for extra gravy. I will be back!,positive
"Views are amazing and the entire restaurant rotates slowly so you get a 360 view of the city. \n\nFood was good, not great. Bit overpriced and the service was so so.",negative
"umm..yea, all I will say is not-so-great. For what it is, its expensive and the owner is a jerk.",negative
Roach spotted in ladies room closest to the Big Seafood Buffet. YUK!,negative
"Hits: all about music, not a scene\n\nMisses: limited bar, but see above\n\nHints: go any night there is a show. Even if you don't enjoy the band, you'll love the company.",negative
Nice new Louis Vuitton at the city center. 3 floors I believe. They have ready to wear. Their staff was very nice. All in all I would reccomend it.,negative
Wonderful service. Very clean restaurant. Food was fantastic! Definitely a permanent customer.,positive
"Overpriced,small portions, and bland. Need I say more?\n\nI have eaten at much better sushi restaurants for much less! Stay away! Do yourself a favor .",negative
Big portions but just ok food. Not worth the wait!!!,negative
"Kevin is great. Very down to earth, doesn't try to up-sell you. Straight forward, honest, very easy & accommodating to work with. I will definitely recommend him to other's & be a repeat customer.",positive
They got to our house very quickly however they were extremely expensive! My key broke off in the door. They tried to charge me $200.00 for all of about 10 minutes of work.,negative
"The burgers are great, but kind of expensive.",positive
I had high hopes based on the reviews but I was highly disappointed. The food was subpar at best and not that inexpensive.,negative
A little slow on service. Good selection of fast food items. Kids like the chili cheese dog and the kids strip combo.,negative
Would be 4 stars if they didn't allow smoking. My clothes still smell bad.,negative
Stopped in for a business meeting. The mac-n-cheese (with cheese) was delicious and the service was excellent. Everyone else in the group enjoyed their meals as well.,positive
really good pad thai!,positive
Drive Thru is a NIGHTMARE. Food is cold more often than not and the orders are CONSISTENTLY WRONG.,negative
Got my Nike+ Fuel band for Mothers Day and I'm loving it. The Nike store at the Forum Shop at Caesars Palace is wonderful and has extraordinary customer service.,positive
Whenever I am heading to northern AZ I always stop and grab a slice or a calzone at this place. It truly is the closest thing to NY pizza I have found in AZ. I know its in anthem it boggles the mind.,positive
Cafe food perfect for seniors.,negative
"L'endroit est peu intime et bruyant, mais la soupe est excellente.",positive
"Be carful what you order. I ordered the Fishermans Pie, what I got was a creamy white soup with a few small pieces of sea food. If your going here for the food, don't waste you gas.",negative
Waited 15 min before order was taken. The employee was nice but she can't do it all!!!\nGet her some help.\nI went across the street to Jamba Juice. The service will cost this company.,negative
"Stopped in for a quick lunch. Gyro pita wrap with Greek salad. Service was quick and friendly. Food was tasty and well made. \n\nAs always, a good experience.",positive
Great instructions! Up beat atmosphere! Great music! Great drink specials! Awesome time!,positive
Wow they need a few extra people staffed at lunch time,positive
Best Bar in Squirrel Hill. Even if it's in Greenfield. Parking is on the street but not too bad.,positive
"recommend: grilled salmon+bean sprouts, coconut sauce chicken rice. very hot and fresh served. mango salad was average. enjoyed it .",positive
"Management at this hotel has a twisted view on customer service. Do not expect a good experience here. With so many options nearby, I recommend you skip and head somewhere you'll be appreciated.",negative
"I just became a member of Palm beach Tan, and I'm loving it. Great customer service, super helpful and informative. Love the variety of beds and the place its super clean.",positive
"Just ate here for the first time, good burgers and the truffle fries are so good. Great service as well.",positive
"Can't beat the price, but after getting a few pants hemmed here they bottoms started fraying. I'm going to have to go to another place to get everything hemmed again.",negative
great breakfasts and great italian food.\nhighly recommend,positive
Elmer's bean & cheese with red sauce!!!!,positive
"i like to buy their sugar donut, reminds me of HI's malasadas, it's so good, and their rich tres leche cake----oh so good....",negative
Menu is plenty big yet the food is pretty consistent. Happy hour is short but good and lunch has never disappointed. Oh did I mention they have beer?,negative
Pizza is okay. \nPasta is just okay.\nService is really bad.,negative
Good free water show. My kids love it. Good place to take the kids for free to kill some time. Good area to take some pictures too.,positive
It is fantastic to have a nail tech that is committed to providing great service!!! After months and months of trying different techs in different locations... Lee Spa Nails provides the best.,positive
"Good food, good service. No complaints.",negative
Awesome. Awesome. Awesome. And I don't even like thai food.,positive
"This place has really stepped it's game up. After going through growing pains, overall this place is really hit it's stride. \n\nGreat food, great beers, and awesome ambiance.",positive
"OMG the best Reuben in Phoenix hands down!! Owner is very attentive and it's family owned. Great authentic deli, love it!!",positive
Get some wings!,positive
"I ordered an entire pizza, and received a sandwich. What?? Cheap, and NOT the tastiest pizza place anyway. Only go here if it's your last option.",negative
"Was excited to eat here. Food was disgusting, too greasy, and service sucked. Would not recommend to anyone!",negative
Loved this place! Fish tacos were amazing! The restaurant was very clean and Steven who was working was wonderful!\nOnly thing I would recommend is lime for the tacos.,positive
Owner is extremely personable cares as much about the customer as he does the business. Gonna take all my broken electronics here.,positive
"The worst ,sugar free will give you stomach cramps unbelievable. I order four for Thanksgivings and all were a disappointment",negative
This is a classic Wisconsin Tavern and I enjoyed watching football at the Harmony. No bullshit here.,positive
"Being from NY and used to my corner store Chinese food, paying prices such as $9 for egg drop soup is difficult. Hotel food is down right horrible.",negative
Eh wasn't amazing,negative
"Really good burgers and the Oak Stout beer is really smooth and tasty. The outdoor seating was nice and the inside was really big, a little loud but a good atmosphere with cute waitresses...",positive
This was an average buffet offering. One of our party became ill after eating some seafood here. Not really anything sticks out in my mind as being great.,negative
great place to visit. food were really good but our server was a kind of mean. still give em 4 stars because of food.,positive
"Friendly staff. Way, way, way overpriced. Eggs were dry and potatoes not homemade. For 10+ $ for breakfast they need to step up food quality 1000%. Staff was very attentive though.",negative
"Another great Pittsburgh venue. \nLots of great appetizers and dinner items, as well as great take-out. \n\nProTip: try the Bangkok Tea! ;)",positive
Fun place to hang out on a chill night. Follow them in facebook and they post what they have on tap from week to week,positive
Simply the best ever.,positive
"Great food, thanks for a good meal. I WILL come back here again!",positive
"The Copy & Print Center here is the best I've ever experienced! Some of the best customer service I've had anywhere in Henderson. Competitive pricing, fast service and accurate printing. Awesome!",positive
Delicious brunch. Great service. The owners are such amazing people. So friendly. I'm definitely going back!!!,positive
Another great lunch!!!! The food here tastes delicious and at a great price. You won't be disappointed. Try the crispy Spinach.,positive
"Solid Mexican food, good drinks, nice location",negative
"one word... SLOW! 15 minute wait for 2 sandwiches? \""We're all out of turkey\"" then \""We're all out of ham\"" and I'm all out of patience!",negative
"I have not been here for a couple of years,nothings changed.Lousy service.Employees have an attitude.Its dirty.The bagels aint great.Great Buns bagels make Einsteins look sick.",negative
"Love this place! We did the shoot for our morning show there and got the coolest shots-mostly because of the museum background, not us radio faces haha",positive
: My personal favorite is the Guess Store...supah cheap and love their Guess Woman Watches..hotel rooms ? 5 stars..Condo style. I love it! :),positive
"They supposedly offer almond milk for their lattes but NEVER have almond milk! I have tried twice now, won't be trying again.",negative
First time going to this restaurant and it will be my last time. The service suck and the food is suck.Their chicken is dry as a wood.\nAwful food.. I rather go to Popeyes or MM SOUL FOOD.,negative
Def the best BBQ in the burgh. Service was outstanding and the honey mustard sauce is unlike any other. not to mention the meat is tender and plentiful.,positive
We love it here. Staff is friendly and food is good. The pesto pasta with sausage is very delicious. Portions are big so bring your appetite.,positive
Really enjoy the great service and great fresh foods! The farmers chopped Cobb salad is my favorite and omg the ranch dressing is the way I love it!,positive
my vietnamese coffee was DELISH but my niece's strawberry was PERFECT.\n\nparking (on saturday night) was terrible so be prepared to walk a little from the surrounding neighborhood.,positive
Overall good food. I really enjoy the Bacon Double Dell Burger and chicken soft tacos.,negative
"This is the type of place that every airport needs. It has comfy seating. It has slamming tunes. And the food and drink are few notches above what is expected at an airport. Keep on, keeping on...",positive
A nice aprouch for a cirque show!! You are so close to the performance it feels almost to real... extremly funny as long as you leave your inhibitions at home!,positive
"Very big outdoor mall! Has good stores like my favourites: j crew, gap, banana republic, etc. there's a store for everyone. There's also le sportsac outlet, which I have never seen elsewhere!",positive
Our favorite restaurant in the Valley! Best filet mignon in town! Lobster mashed potatoes are delicious. Dungeness crab cocktail is amazing! \nAll sides are wonderful. Service is top-drawer,positive
"Fun place. The band was great and so was the DJ. This place is a great time. The drinks are huge, but oh so tasty! We had a blast here.",positive
Okay I gave it another try for a friends birthday and I actually had a blast! It was a sunday and we had a table but it was a really good time. I'd go again with a group of friends :),positive
Back to Mad Mex.,negative
"The food is pretty good, but honestly feels like your a burden to the staff. Drinks were empty the entire meal. Had to flag server down for service.",negative
Enjoy the shrimp in lobster sauce and the veggies great and cheap fast chinese food.,negative
Wow the short ribs were amazing!!! And the strawberry wine was not bad either...lol,positive
"Wide selection, but customer service wasn't all that great",negative
New guy Arthur. Learn how to treat customers better. You were rude today! I LOVE this location. If you don't improve will choose another.,negative
"It's not so bad. It's a budget place. The walkways are pretty dirty though, and the shower a little scuzzy. I've stayed in worse.",negative
If you have a sweet tooth. Then this is the place to come. But be prepared to wait for a table it is worth it.,positive
The food was okay and I didn't have the pancakes but I ordered a orange juice when I sat down and it ended up costing more than $5. \n\nOn the plus side the lamps looked like waffles.,negative
Umm....YUMMMY! Never been before but will for sure be back! Best white chocolate mocha I have ever had and the hot chocolate is AMAZING!!!,positive
Pretty damn good. The veggie samosa was yums.,positive
"My hubby likes it here for some reason. I prefer Tokyo Express for a chicken teriyaki bowl any day! Not that the bowls we got here last Saturday afternoon were bad, they just weren't very good.",negative
Everything is good except the tortas just feel plain for some reason.. My kid's love eating here you can't go wrong dam tortas keeping me from giving them 5 stars!,positive
"Although out of the way from the strip, this place serves a whopping meal ! Great service, excellent variety and great cookin' !",positive
"Worst Indian Food, I've eaten lot of buffets, I will rank this last.\n\nI only liked the navaratan curry and naan, everything else is horrible",negative
"Great seafood good service, would highly recommend.",positive
They do not dry clean comforters but the service when speaking with the employees pleasant enough.,negative
If you like smoky low life atmosphere.. then this is the place for you. Bartender not too friendly and it's a dump!,negative
"Great hookah, friendly staff. \n\nWe had a pineapple head, tasted pretty awesome with a bit of mint and prickly pear.\n\nBrie rocks",positive
"Garlic naan bread and BBQ flavored chicken, tastes ok but not looking to eat American food. Don't get me wrong the garlic bread was tasty but unexpected when I mixed it with my curry chicken, boo",negative
$39.00 for two medium pizzas and an order of breadsticks. I'll save that money for a weeks worth of Pizza Hut next time.,negative
"Couldn't order togo on the phone, would have to go into the restaurant THEN togo than wait. Kinda defeats the purpose.",negative
Best sunday funday spot ever!!,positive
Lux is like being taught physics by Sir Isaac Newton.,positive
"Love this place, usually aways busy. Good Sushi and great Hibachi grill, lobster, chicken, Filet Mignon all great!!",positive
This place is very good customer service the cooks well well done cooking the food very nice place to eat and bring me to and very close to the hotel,positive
Best burger place I've eaten in awhile good prices Oliver you have great customer service I will definitely be coming back definitely 5 stars Oliver you are the best waitress I've had in a long time,positive
"Pretty good ambience and the crowd was great. The service was good, chicken was okaish but the steak was good. Will try this again if I visit montreal again.\nGood place to have a fancy dinner.",negative
"The plating is really good~ great ambiance and great view, but in terms of good itself, I would say it's hit or miss. Good for date",positive
Piercingly loud! Smokey. $128.00 fish n chips x 2 n two beers! We took server away from his post watching gamblers. Next night Voodoos! 180 degrees!,negative
Want to know how to gross a vegetarian out? Stick a big chunk of chicken in their vegan burrito bowl. Never again!,negative
Went here and only stayed for two beers. Had a funny smell to it that didnt seem to go away. They had a bunch of weird $1 beer that we all considered trying but wussed out.,negative
the food lacked a bit of flavor but the surrounding decor was nice and enjoyable. i would go back. but my husband wasn't pleased.,negative
Survival store just incase in the future... The store is small but a lot of stuff.,negative
The first and last time we went there was a spider in my moms rice. Could barely eat the rest of the night and the staff tried to act like they couldn't believe there was really a spider in the food.,negative
"they have the best food and the greatest mushroom soup ever. sadly, they are so damn crowded! ahahahahaha.",positive
"Worst service ever! They are slow for everything drinks, food, etc. When you do finally get your food it is cold! Need new servers and new management. NEVER going again. Poor poor poor.",negative
"Don't waste your time. Slots are tight, the help doesn't wanna be there, and the indians are hell to work for.\n\nWhy visit a place like that? Save up and goto Vegas.",negative
"I had been a couple of times in the past, but today's visit was horrible.. I won't be returning. Food wasn't that good. Comparable to a mediocre buffet like Railroad Pass..",negative
"Yea it's bland crust and a few toppings.\n\nThe hype for this place is ridiculous. \n\nIt is NOTHING special at all, and it is not worth the high price.",negative
Eh...the food is ok. Nothing to write home about and I've had better elsewhere. There really isn't anything compelling about Harold's that would make me want to go back again.,negative
"Terrible customer service! Every time my wife and I try to go there, the seating host always greets other people before us even when we arrive first.\n\nI don't think I'll be going back.",negative
I really had high hope for the Groupon for 2 for 1 gel or shellac manicure. Let's just say I won't be returning.,negative
"This is the best Indian food I have ever had, hands down. The servers are nice and I love the decor. Good wine selection, as well.",positive
Bill from Seattle was a great server and very friendly . \n\nThe apple pie is off the hook.,positive
"Really great value for the money. The staff is polite, and professional. I will be back for sure the next time I am in town. I foot massage was so relaxing that I fell asleep.",positive
My wifes favorite place in Vegas,positive
"I couldn't find anything about this restaurant that's above average. The food, salad bar, drinks, and ambience were all decent. But they do charge you top dollar. Hence, the below average rating.",negative
"This place is permanently closed, what a pity!",positive
Had a chili dog. \nTaste was great but for $4 not a great value. \nService was good and the place is clean. \nMarginal recommendation,negative
"It's an AMAZING PLACE!!! Recommend it, and get your gun \\o/",positive
"This place is straight ballin'\n\nThis is now where I go to get a steak while I'm in Vegas.\n\nIf you like good food, eat here.\n\nAnd keep the pen when you sign for your bill!",positive
watch replacment was great,positive
Back at Umami watching my LIONS whoop up on the Jets! This is such a great place to watch the games and hang out outside w drinks and great food!! SO GOOD!!! Everything's coming up Lions today!!,positive
"I order Amazon Feast and a mocha freeze, lots of meet on my plate... Totally worth it for u meat eater out there. But kind of noisy for me with that animal screens and thunder every half hour!",positive
"Really good, much better than any other food I've had at an airport. Had the I &O breakfast sandwich. YUM!",positive
The beer selection is amazing...definitely a place to check out if you are a beer person...all types of beer from all around the world...and I can't forget the food is pretty good too!,positive
"Yuck. \nSlow service. Over priced. Ordered eggs over medium, got a runny mess. \n\n$10.45 for sausage and eggs. \n\nNo thank you.",negative
I really enjoy my sandwiches here. The staff is always great and very friendly. I like the philly hot sub!!,positive
Haven't been here for a while; still great service and great food; had rice noodle soup...Yummy...,positive
We are three locals having lunch here on a Wednesday - 1) place recked of cigarette smoke - 2) staff does not seem to have an urgency in getting folks served - 3) food was okay -,negative
"My F&E closed, so this is the nearest one. I love F&E. But this location the folks are not as friendly and helpful. I miss my F&E, but I love their stuff.",positive
Awesome place!!!! Great food and drinks. Staff is awesome! I try to go there at least once a week! Never had a problem there.,positive
I've been there a couple of times. Last time I went it was worse than the first time. The food really didn't taste that good.,negative
Had a really good time here. The staff were friendly and the steak was good. Only thing stopping this from being a 5 is the slight conveyor belt feel of the large Las Vegas restaurants.,positive
"great food, great service, awesome slaw!!",positive
very average food for its price! Low point of the night...ordered seafood risotto and risotto was undercooked while the seafoood was overcooked!,negative
Have ordered delivery there numerous times and they always mess something up these people need to learn how to read orders how you get a calzone confused with a pizza like come now,negative
I love this Ruby Tuesday. Staff is always courteous and food is good. Try the lobster mac & cheese...it is awesome! The salmon is good here as well as the pasta w/shrimp.,positive
Beer selection good but service was really slow and it seemed that the majority of the bar patrons were fellow co-workers drinking. Pretzels and beer cheese also good.,negative
If i could give zero stars i would. calling what i ate a pizza would be an insult to pizza. hands down worst pizza i've ever had.,negative
Nothing too special about this place. Just close to where we live.,negative
"This is a great place for lunch meetings. It is never super crowded, or very noise. The food is good. And it has a really nice atmosphere.",positive
"Great Pizzas and a phenomenal cous cous salad! Good service and a cool outdoor patio. It is located inside a converted house, which makes it very homey and comfortable.",positive
Great Salon the staff was great along with the price! Recommend it everyone..,positive
"Decent sushi for the price, the hand rolls are great. Nice place to sit on the patio and enjoy some sushi and a beer.",negative
This place is awesome! Definitely sit outside if it's nice out...hard to beat the rooftop!,positive
"The place looks alright but the food is horrible. I ordered this pad Thai and my noodles were hard.. Like seriously. & the guy wondered why I barely ate it then take it home. Shit, it tasted horrible.",negative
It's a great place with healthy food that's actually good.. Service was good and the owner is very on hands. It's near my house so even when I'm in a rush I'll stop in to get a good smoothie..,positive
Can you imagine shopping for 10 mins and waiting 20 mins at checkout?\n\nNot the same as Costco which has much more varieties of things. Always short on staff.,negative
Very disappointed,negative
"Dull Dull Dull, buffet is awful, entrees dull. Prices are decent which just says you get what you pay fore",negative
We love your cookies and your customer service is awesome ! Yvonne is 5 stars and whenever we are in Vegas we go to Honolulu cookie company.,positive
"I don't like the food.\nA tattooed girl works here, though.\nAnd they're impressive.",negative
Love this place. Service is great and on point every time. The food is excellent every visit without fail and I love seeing familiar faces when I drop by with the family. Highly recommend.,positive
Food was delicious and at a decent price. We shared the lunch special with an appetizer and had leftovers!,positive
Excellent bread. Delicious menu. Genuine customer service. Love it!,positive
"I just order one soup for take out....it's over price,and the beef was not fresh...and the soup taste nothing....I think I like Vietnamese pho more than Lanzhou noodle..sorry...",negative
If you can't have a good time here you can't have a good time.,positive
Very slow taking the order and giving me the order when it was done. It was the middle of the night and a few people there.,negative
"Aww sh*t,... food poisoning.",negative
I went here with my parents for dinner and got the group platter and chicken samosas. We were stuffed and had plenty left to bring back home for the next day. The staff were very friendly as well.,positive
"I was duped!!!! Lack of karaoke. DJ talks too much. If I wanted to go to a club, I'd have gone to one. The food is the saving grace.",negative
Update - The zip-line was a lot of fun! It was half priced for their winter rates on Jan 4th - $10 a ride.,positive
"Came here because the original Pancake house we normally come to was torn down since out last visit. Great service, and great hash",positive
good.,positive
"First time here. The cashier offers me samples of the green Chile pork. WOW,that meat makes a mean burrito. I will be back!",positive
I have nothing but good things to say about Randi and her team. They helped me find the perfect home for my family.,positive
Family loves this place.\nMy personal Fav is the Salmon Dip app.\nThe ribs are great.\nLove the different dips.....,positive
"Super fluffy bagel with house-made scallion cream cheese,, lox, tomato, onion, and capers! Yum!",positive
"Pathetic place, poor service and attitude of the owner. Definitely a place which one can give a miss",negative
food is ok.service!!?? lets just say rude!!! our server didnt say much other than how many ppl ..no refills unless we asked..!i should have listen to my friends..this place sucks!!,negative
try the mint sugar smokey stuff,positive
"Great red chile burros, tasty beans and super cheap.",positive
Pizza is fresh and good price.,positive
"have a crepe in paris :) You can get full off of one crepe! with strip prices I feel like the prices here are reasonable. Go to paris and have the france experience yay! Good, fast and affordable!",positive
I recently got their tacos and they taste good. The place looks clean and nice inside.,positive
Mobile 1 is the best oil. Plus Honest people. Go see Dick!! He was nice and explained what I would be wanting to do next.,positive
This resto is a duplicate and should be deleted.,negative
"Great interior, first open concept kitchen I've seen for a Vietnamese restaurant. The soup just did not agree with my palette.",negative
"I have been in Arizona for almost 17yrs now and up until a few months ago, Macayos was my favorite Mexican restaurant. Cien Agave is soooo good! Thats all I can really say!",positive
"Don't bother! Pretentious, over rated, and boring. Just keep driving or go back home and make Ramen Noodles.",negative
"I love this place and so does my hubby summer or winter we are there at least twice a month. The staff is pretty friendly, we met the owner once he seemed busy but other than that ok.",positive
Great atmosphere and the service was excellent. The food and drinks were excellent. Great spot to go to for happy hour.,positive
"The doctors are great, but man, the wait time is too long. When we dropped off our dogs for boarding, just to drop them off took almost an hour. Otherwise the doctors take great care of them.",positive
I have only been to Rhythm and Wine 1x but it was a good experience overall. I liked the patio and the service was outstanding. The food was average.,positive
Hated it,negative
"The staff was super helpful and friendly, the rooms were clean and cute and I loved all the pool areas. I will defiantly try a 'stay-cation' here this summer.",positive
"Slow services, Dirty dishes and extremely loud. If my cousin didn't work there I probably wouldn't have ate there last time. Food is not good and not a family environment.",negative
They change their menu base on fresh food they get. It's the only real Italian restaurant in town. Good place for gathering and family.,positive
"Theyre hours and plans are great.... it's worth the lil bit of money you'll spend, trust me",negative
Delicious and great service. Got a protein burger. Was a little messy but to be expected when there's no bun. Lol milkshake also delicious and recommended.,positive
Charged us $75 for water. I guess we have to ask for tap water? Do they offer tap water? This place is ridiculous. I guess I'm not a French restaurant kinda girl.,negative
Went for brunch. BLT is insane. The simple good egg breakfast...excellent. The coffee is worth the trip alone. It's roasted in Cave Creek and is tasty.\n\nLots of outdoor seats.\n\nGive it a shot.,positive
"Great food for a sports bar, decent beer selection and friendly staff. I go quite often.",positive
Excellent shakes and soda drinks. The atmosphere is authentic 50's and the food is very good. i have eaten their a few times and enjoyed the burgers and chicken smothered dinner. large servings!,positive
Poor poor Excalibur ... I bet at one time you were pretty cool ... but now you just smell like rotten eggs :/,negative
"2 stars because they never let ANYONE VALET and they give you shit... I was dropping good money at every casino on the strip and they all were more than happy to Valet my car, but not PH! GAY!",negative
"I like this place! The staff is nice, the location is clean and cute, and the food's good.",positive
"A coffee shop in the basement of a church. Thank God its the only one in town, because its too quiet, too stuffy and you can't hold a decent conversation here.",negative
I love America's Taco Shop. I only gave this location 3 stars due to lack of service. I am used to ATS taking pride in their service. You can tell this location is a franchise.,negative
It's okay. But better gyros are down the street at Z's Greek.,negative
"Yummy! I have had the filet and buttermilk chicken, both were delicious. Restaurant is small, but the a/c is ice cold.",positive
"Good food, good prices. The horchata is a little watered down, but if you are looking for a good place to eat after-hours, check this place out.",positive
We went there for lunch and it was great. Everything pleased even my picky co-workers. The pan fried noodles Malaysian style were excellent as was the Wor Wonton Soup.,positive
This place is love at first taste. Enough said. I love everything here. Even my mom who is a stingy vietnamese Che (their desserts) snob has fallen in love with this place.,positive
The place looks and feels amazing. The apps are not that great. The pizza is pretty good. I like the crust . It's a nice change. The area needed a place like it.,negative
This show have completely redefined art.,positive
Good food and reasonable prices. My wife loves the place they include miso soup and a little salid with sushi. Nice staff as well,negative
"Had work done to my Mitsubishi EclipseGT 07 for a duel exhaust system, with black tips. Pretty straight forward and simple with decent fair prices compared to other places.",positive
"This place was the go to place when we moved here ten years ago. We ate there once and it was good. Nothing wrong with it, but we have never eaten here again.",negative
Always consistent probably the best deal in downtown. Food always good and price wise you can't go wrong.,positive
Was quite a bit of a wait......BUT it was well worth the wait. The entire meal was Freakin Delicious! Would definitely come back to Vegas just to try other menu items.,positive
"Overpriced, scallops were rubber. The circus at the table was entertaining though",negative
"I love Bath & Body Works but this location is not the best. Lots of attitude and very little Customer Service, except for a few ladies but I can't remember their names.",negative
"Staff are very friendly, sushi is great, amazing Sake selection. You have to check it out!",positive
Cuban sandwich was great and wow the fruit smoothie! definitely going back..,positive
Brunch Buffet was less than ok. All the food tastes like it looks OLD!!! Server was really nice and helpfull. Wish they spent as much time on the food as they did the help.,negative
"Bad service, no bread, no drink refill , took 45min to get our first drink:( ouch , used to love this place but service sucks",negative
"Great neighborhood gem! Friendly staff, fresh deli, groceries, produce, smokin deals on liqour and beer.",positive
Great food and service! We got the chicken with 2 sides. It was a family sized meal. It was very fresh. I will definitely be back!!,positive
Try to eat here last night since it got good reviews. Just letting you know the place is CLOSED. They are expanding!,negative
its a cool chill stop,negative
LOVE LOVE THEIR RIBS AND SIDES!! The people there are always so nice! It is a bit pricey but worth it to us! We order here often! May not look like much but it's awesome!,positive
"It's streets of New York. It's good, not bad, not great. \nDoes this help? Lol",negative
"Cockroachs running on the tables, burgers were pale. Not so tasty. Needs major change in management. I like other dennys. But not this one.",negative
Sofra isn't awful but it isn't fantastic either. I got a sub-par breakfast but would like to try some of their lunch or dinner options before completely writing it off.,negative
"Got the call and asked them how they can help because my wife has been fighting breast cancer for a year and a half and we're broke, they hung up on me.",negative
"Excellent, fresh, amazing food every time! Cozy hole-in-the wall deli and restaurant, served by friendly people who all speak to each other in Italian.",positive
This place was the worse buffet yet. A hard stiff fish that was diagusting. The ribs were so dry. The pasta was flavorless. The turkey was drier than ever. It was just really gross food.,negative
Recommended by a fellow Yelper from Phoenix. Everything all Yelpers said about the place was right on the money! Looking forward to my next visit.,positive
"No credit, weird layout, not much fresh food",negative
"Anything they say is vegan is not! Everything has fish oil, or oil that has been used to fry fish. There is a lot of cross contamination, and some of their employees are not being paid properly.",negative
Great Vibe and food. Every time I have gone there the service was great and there is plenty of hot girls around,positive
"Too expensive,and all dudes at the bar.its very close to the house and it has a pool table,or i wouldnt go back.",negative
"Pasta was terrible, pizza was horrible. This is a place that uses tourists ignorance and charges an arm and leg. Stay away.",negative
"Extremely poor service, below average steaks, but I guess no one notices or complains cause all the customers are drunk on the overpriced red wines. Hey, I guess thats vegas!",negative
"Snobby and pretentious. drinks are very weak. Too loud to hear anything. Floor is very slippery. Unfriendly doorman. not a fan, at all.\n\nJoes has a better dance floor. Firehaus has more class.",negative
"Food is good, mostly burgers. Great pork with green chili! Pretzel buns... HELLO! So good!",positive
"Still good food like before the fire, but the salads seem smaller. The new modern style totally ruined the comfortable atmosphere.",negative
Super genuinely friendly staff. Plenty of flat screens to catch multiple games at once. Cold Stella on tap. Average pub grub.,negative
This place is bad. The staff is so unfriendly and the food is mediocre. It thrives simply because if its location. Egg Works is a much better choice.,negative
"Eggcellent! If you're staying in the adjacent Hyatt, skip the hotel restaurant and come here. Top-notch casual.",positive
Food is always good. Service is a little slow but they are super friendly. Thai hot is actually hot! Better then the thai restaurants down town for sure,positive
Do not go in the summer. It is way too hot and no AC. Unacceptable for me. I love their peach ale. It is delicious. I will update this review when I go back in the winter.,negative
Off The Grid.,positive
What took me so long to give it 5 stars?? Aiello's is now my go-to place for dates and visiting family. They're always wowed!,positive
"Had a wonderful experience! Friendly helpful staff, was in and out without any waiting around! And they have great prices for cash patients!",positive
"good food, decent prices, fun atmosphere. it can be crowded! for pure sports event viewing, it would be better with all flat-screen HD sets, but you can't have everything I suppose.",negative
Cool place. I could imagine the mobsters and Hollywood types sitting in there...something about the ambiance. LOL Service was great and food was even better. It definitely is pricey though.,positive
Went there again for lunch and had a much better experience. I would just say don't get the burger. Everything else works :),positive
Good modern atmosphere and delicious cupcakes.,negative
absolutely refreshing place to eat at.. the staff had fun and worked as a team. food was great also!!,positive
"My eggspectations were not high, but from the spaced-out waiter to the overcooked and tasteless scrambled eggs, everything about my lunch was below average. Even Cora is much better than that.",negative
Such a bad experience. Waited 35 minutes to get a deli sandwich! !! Seriously? !? My lunch break was ruined,negative
I wasn't too impressed. The eggs didn't seem to be scrambled fresh. Likely bladder eggs. We went to Mr. Mama's the day before it was excellent. Highly recommend there instead.,negative
"Service sucks, way to overpriced, and food honestly is not that amazing.. I tried it a few times when i stayed at planet hollywood.. And i wasn't to pleased.",negative
"Slot machines in an airport?? Um..ok. As far as airports go, it's pretty middle-ground. Nothing super-special, and nothing too horrible. Just alright.",negative
"Not bad for a 24-hour deli in Circus Circus. Sandwiches are large, but a little pricey. Nothing too speical. Just a nice, big deli sandwich, great for late night munchies.",negative
"Been back twice more, and feel exactly the same way as the first time. \n\nI still wish it was more upscale...",positive
Had a great time. Waitress was pleasant and helpful . Sashimi was outstanding. Fun atmosphere. All around good time,positive
Sarah Hughes does a fabulous job hair eyelash extension hair extensions makeup massage sooo reasonable cost wise and fun to be with,positive
My husband and I we looking for a different restaurant and saw this place and decided to give it a try. The service was GREAT. Our server was very attentive and fast.,positive
"great ribeye, filets, and seabass..... lobster tortilla soup is great too.... Not alot of dining options in carefree so i was happy to discover cartwrights!!",positive
"Good, solid Starbucks location. I have been here a handful of times. They have been fast and get the orders right. What else can you ask for?",positive
"This is a great way to get around Vegas. I do wish it was cheaper. Other than that, it was great",positive
One of the best non-chain pizza places in the University area.,positive
Only place to grab a quick meal and a glass of wine before we flew back to LA. It was meh...Will I go back? Possibly for another glass of wine. Wings were meh...,negative
Food wasn't more then average or less. The waitress was unmotivied and where the hell are the boo...\u00e4h...hooters?,negative
Love this location!,positive
Just ok. I heard allot of good things about this restaurant so my expectations were high. Did not live up to the hype. Would go back but not go out of my way.,negative
"Gross, just gross. Run down to the extreme and stinks of cigarettes. Do yourself a favor and stay somewhere else.",negative
Easy to get to from Russell road. The staff is friendly and the place is clean. Price is always competitive!,negative
When I am with a group of people. They always prefer to pick Tamba for Indian food. Can't complain. Good Indian food will put you in a good mood ;),positive
Ate lunch there today and thought it was wonderful!,positive
The Double Double is just the Best Best burger in the universe.,positive
"Great little place, lot's of games to play, cheap drinks. Needs more pool tables, or patrons who are willing to let other people play, and not hog the table.",negative
Superior service. Great coffee. Can't wait to come back often to explore the delectable menu.,positive
Good atmosphere with great food! The stuffed French toast was delicious! Omelette was good with lots to choose from.,positive
"Great burgers, great service. I chose the Cowboy Burger and it was excellent. The patty was big and juicy and a fair price, I'll be going here again next time I'm on the strip!",positive
hate the er these people are crazy i alredy know all about the doctor daughter because i can hear him talk to the nurse's while im here waiting in pain fuck man...,negative
"Spicy homemade modern Mexican food with really amazing sauces and salsas. The chicken enchiladas were fantastic, but if you want sweet and very spicy try the diablo shrimp.",positive
Food atmosphere and beer are always great! The service here is the worst anywhere I have been in a long while. It's not just this visit it's all four visits I have made in the last year.,negative
"I guess this is supposed to be efficient and convenient, but I wish it was a bit closer to the airport. It is nice to have one bus instead of a different bus for each rental car company.",negative
"It is Smashburger, where they smash the lights out of your burger, throw a jalapeno on it and call it Arizona __something or another. \n\nIt's cool for a quick bite. That's about it.",negative
Came here in April 2012. This is a weak club! That's all.,negative
This place is fun. I go for beer. Not a big beer nerd but they never make me feel dumb when I ask beer questions. So helpful and the employees and owners really take care of you. I love this place.,positive
Outstanding! Best burger in the East Valley! Server (Byron) was one of the best servers I've experienced anywhere. Food was delicious and well prepared.,positive
Had the worst time here at blue martini. . Wanted to give no stars but gave one star.. will never come back,negative
"Fun place. Great food. Joint them every Sunday for Watching Dead, the Walking Dead viewing party, hosted by the cast of Evil Dead the Musical. Followed by karaoke.",positive
The seats are comfy and they have $5 movie Mondays! YES! Great deal! IMAX movies are rather expensive but WHATEVER! This is my go-to movie theatre!,positive
Owner was cool. They had a humidor. Good stuff! Fine cigars! Late night tip. Great spot found on my yelp app.,positive
Just had my eyebrows waxed by Courtney. She was great and I love the results! My eyebrows look awesome & sexy! I will definitely go back!,positive
"Duh! Field Kitchen is the stupidest idea ever, I will NEVER go back. They don't even have any toppings for the frozen yogurt.",negative
"Good coffee, nice service!",positive
Worst food I've had this year! Even for a bar / restaurant I would expect more. Greasy tasteless stale food.,negative
I really liked the massaman curry here but then the food poisoning.... errrr not so much.\n\nGreat service though!,negative
"You can get better food at Denny's. And I don't even really like Denny's much.\n\nOnly good part of this buffet is the omlet guy. He's fun to watch, and the omlets are good.",negative
What they call a pan roast is like day old barf!! ABSOLUTELY AWFUL and SMELLY NEVER AGAIN! They need to go to The Nugget in Reno and learn how to make a real PAN ROAST!!! NEVER AGAIN!!!,negative
"I have eaten at many Salsitas which are usually good, but this one sucks. Six bucks for a.pollo asada borito that was pretty much beans and rice. What chicken there was had a funky smell.",negative
I've had better BBQ from Famous Dave's. I don't recommend and would suggest driving the extra distance to go somewhere else.,negative
Came here to have drinks after school. This was my 2nd time here. Both times the staff weren't very friendly or welcoming. Not very attentive either.,negative
Since when does it take 1 1/2hrs. toile Lo mein? My husband and I sat at this joint with only 1 other party in the dining room for over an hour. I won't be stopping in on my lunch hour!!!!,negative
Asked for spicy Teryaki chicken and receive a pile of burnt red peppers on top. Whole dish tasted like burnt food. Bummer. Owners seemed nice.,negative
"This place has a long wait on weekends, you also have to stand in line, but is well worth it ! Great Jumbo Shrimp Cocktail ! Seafood Creole, very spicy, is to die for ! Very YUMMY !",positive
A must if you are in the area! You can't go wrong with anything on the menu.,positive
Never had a problem with food or service. Great portions and the bread is yummy! The raspberry ice tea is my favorite. All in all one of my favorite places to have breakfast on a Sunday morning.,negative
"This store is a lot of fun to shop for plants in. They seem to have a nice variety and friendly employees. Also, the store was not too busy or loud. Enjoyable way to spend a Saturday morning.",positive
My order was wrong three times yes three times!!! Never be back walk out not happy and never be back !!,negative
Tried the beef gyro...excellent!! Great service too!,positive
"This is the most amazingly slow drive through ever!!! Just 4 cars ahead of me and it took 1/2 hour!!! Never, ever go here. Ever!",negative
This is my favorite pizza place in Charlotte! The crust is crunchy and the sauce very tasty. The tiramisu is amazing when it's available. I wish they delivered!,positive
Great fast serve Mexican. All made fresh. Love the El Diablo breakfast burrito and their beef tacos.,positive
Really over priced. Expect to pay around 70 per person. The plates are good but not worth the price.,negative
Good Cinco burger and Vanilla shake. Some good sauces to try with fries. Will be back...,positive
What's with the kids? No no no no no no,negative
Great hole in the wall Chinese restaurant.....got my fix for chinese food....been going here for years n still great place to eat.,positive
Known as the ghetto Walmart. Don't go there,negative
"Caught these guys at Food Truck Fest 2 and they were delicious! A relief from the heat in the Costco lot and with flavors like Wedding Cake and Creamsicle I was in love. Plus, muy cheap!",positive
"The service is terrible, rude and the gel product chips within a few days. Avoid the Groupon deals, waste of money!",negative
Great karaoke DJ Frankie Almost!!!,positive
American style breakfast!,positive
hi this is my first review im on the search if something original and fresh and this i not is why i tough.... below expectations food is not great is average..,negative
I had a great experience here. The lady that did my hair did exactly what I asked for. I would go here again and again. \n\nIt is a little hidden but well worth the hunt.,positive
"We had a wonderful dinner at Cask 63 last night. Our waiter, Daniel, was a real pro and extremely accommodating. The Sea bass, Ahi tuna and Lamb chops were phenomenal, as was the Key lime cheesecake.",positive
Had fun while I was here but the door guy is a frickin jerk. Was late to the party bus and couldn't get back in.,negative
This place quickly became my new favorite restaurant. We come here just for drinks sometimes because we like the atmosphere.,positive
Food was cold and took a long time for drink refills. Is also not as clean as it should be,negative
"Very good food, somewhat limited menu, service sometimes good sometimes slow, can be very noisy unless you sit in the back, somewhat pricey, parking can be difficult.",negative
"How, oh how could this IHOP close, with premium placement next to the lightrail?",negative
"so close....\nif you want to see lions up close and personal and all for free, head to the lion habitat at the MGM. The reviews and pictures speak for themselves.",positive
"Henry really took care of me today. Speedy checkin, pleasant service, free upgrade.\n\nEnterprise isn't always the cheapest, but when you factor in speed and quality, it's a winner.",positive
"A little more noisy than I would prefer. The gazpacho/watermelon soup was wonderful, the brussel sprout salad was sub par. Good service. They seem to be flourishing.",negative
"Yes, please! Holy yum.",positive
Fabulous customer service. Never a bad visit yet! It's cooperate setup gone small business experience.,positive
"the room is big, but the air condition makes more noise than air the wi-fi cost money is this from roosevelt era? every BB provides free wi-fi today long waiting time foir evelators",positive
Great menu selections and nice setting. Waiters were very attentative and friendly. However the food was too salty to our taste. The only thing we liked is the vegetarian spring rolls.,negative
don't be a sucker...an hour walk for one nurse shark.,negative
"Food was great, pre- dinner bread and sauce was fantastic. I ordered the baked meat ravioli is was very flavorful and lots of cheese on top, just the way I like",positive
Central location on the strip with standard hotel rooms. Not too bad but nothing special about it either.,negative
"the brass ring... where some people go to play pool, and incredibly bland people come to drink themselves stupid. meh.",negative
$50 for 3 burgers and a shake. Are you kidding me!!! Shake was not real. Very disappointing when most Ruby's are pretty good.,negative
Really good price for what you get. I had the tuna bowl it was really yummy. I have to come back and try dinner one day.,negative
"I love In N Out but this location is awful ! My food was cold once I received it , I waited at the window for over 20 minutes and all I ordered was a burger . Seriously slacking",negative
Raw bloody chicken. 1 star for the atmosphere.,negative
Fast & efficient service. Employees are very amiable and prices are reasonable. A great quick pick up especially if you're waiting for jury duty!,positive
"Great personality, great skill as a Barber! Definitely my 1st pick if I'm ever in Mesa AZ. Great to meet you Mickey!",positive
Does this place even have a phone number? I can never reach the damn number. How do we even know if this place is open,negative
"The destination of many a planned \""cheat meal\"" from my gym! Pick your favorite cookies and stuff your favorite ice cream in between. Who wouldn't be in heaven? I have nothing more to say.",positive
This place used to be the BUSINESS! Now the rooms aren't so great. I guess their success is their down fall. But I'm sure they have renovated the rooms by now.,negative
"The place was dead, but the dining area was a mess. The few staff members I saw were clearly not interested in their jobs.",negative
"Nothing I had here stood out. Mediocre, or worse.\nWe had some apps, and the Ramen, in particular, was bad.\nWill not be going back.",negative
This place was amazing! And the selection was fantastic :),positive
"Endless flavors and toppings, ridiculously cheap. This place is a must over MoJo.",positive
"It's an ok casino. However it is not on the strip, so it will be quieter. Generally will see more locals than tourists here. Always have seen friendly staff, and food has been good.",negative
"When they won't even seat you at the counter when you are a single \""without asking everyone in line\"", they can go pound sand! too bad Bradley Ogden closed. He had the best burger EVER!",negative
"Do not fall for the \""free show ticket\"" its an intro for hidden upgrade fees they only talk about when you go to the show! Bbbboooooo",negative
Mmmmmk so I went to Shane Co \n\nStaff are stuck up and to busy to help you. Will I go back nope no noppie.,negative
Very relaxing and the food on Saturdays don't hurt. Wish it had more vendors during the farmer's market. Clean and relaxing.,positive
No need to write more than what others have posted. Tom is a great server and we enjoyed our dinner. We will be back...top notch service and food. This is Vegas at its best.,positive
Can this place get any BETTER I try to go once a week and the Food is always amazing and consistent. If you havent tried this Classic Burger PALACE you have to go definetely worth it...,positive
I like running in here for a quickie lunch with their slice and drink special.,negative
"Fun store with a small selection, mostly mid-century furniture and vintage clothing that's borderline costume. Great place if you're looking for a unique gift or nick-knack.",negative
"Great theater... Very clean, and not as busy as some of the more popular theaters in town, even though it's just as nice.",positive
Yum! Ahi Poke Salad and Tuna Tataki Roll!,positive
Love the cheesteaks here especially after a night out. The new location is more spacious but less convenient for me. Love that it's open 24 hours.,positive
"Fantastic variety of scrumptious crepes and warm friendly service. Reminiscent of cafes in Europe. Sometimes there is a small wait for your order, but it's not fast food (nor do we want that)!",positive
Love this place! Their classes are addictive and make working out fun instead of a chore!,positive
"Food decent, but service is dismal. And don't take the beer list at your table to be the truth. It is far from accurate.",negative
Terrible service. A very simple 3 item order had to be repeated 4 times and they still got it wrong. And it took 20 minutes to get the food. Never again. The prices are high.,negative
"Got food poisoning last wednesday from the red curry beef, sick for 36 hours.",negative
PUT THE SAME SIZE SHOES IN THE APPROPRIATE BOXES...and when you absolutely fail to do so please refund my credit card in a timely (not 14 days) manner.,negative
"Service is good.\n\nThe pizza is decent.\n\nThe lunch specials are good. \n\nThe salad is okay.\n\nThe pasta is awful. So, is the sausage.",negative
Burnt to a crisp. And thankfully so. This place is closed. We are all thrilled.,negative
"Excellent brunch. Bloody Mary bar is wonderful \nThe server was super nice, the food hot fresh delicious. \nThe prices very reasonable. I know this is a chain but it is still great.",positive
"So we walk in and they have a rap battle on the stripper stage. The people paying more attention to the rapper than then actual strippers, that gives us opportunity with the girls and I love it ;)",negative
Papa Del's pizza is extremely dry and bland. Their beer often tastes skunked and the waiters are rude. It took me and a friend almost 10 minutes to get seated last time.,negative
"\""go big or dont go at all\"" is an understatement. I think my tiger shrimp weighed a pound. pricy, but hey i picked out which rib eye i wanted...",positive
Meh. The fish taquitos weren't very tasty and the rice and beans were OK. The food wasn't very tasty but the restaurant was very clean and the staff was superb.,negative
Food was great ...service fun....clean....cheap unbelievably cheap....i will come back everytime i come to vegas!!!!,positive
two stars based solely on the bar and happy hour. Service sucked and happy hour prices don't make me happy,negative
"This place is exactly 1.1 miles away from my house, and they refuse to bend the apparently stringent delivery rules. Subs so fast you'll freak, my ass.",negative
"A very friendly service, fair prices for very good foods. We were 6 and we all said that they are the best omelet and best pancakes we've ever had",positive
OMG!!!! The food here is sooooooo good!!! The Chopped Salad will make you miss your flight! The service is the BEST I've experienced in awhile!,positive
Worst service they never check up on you if you need more drink and food was alright. Only saw our waitress once when she brought us our food and after two pick up her check.,negative
"It's winchell's. It's okay, but you wonder....",negative
"Kinda overpriced and the food is very average. The orange was really good, it tasted like fresh squeeze.",negative
"Lets see, you say your store is open until 6pm your sign is lit up that says open. I show up at 5 for a quick watch adjustment and you say you are closing....way to not want customers. So rude!",negative
Bellagio!! We've stayed at a few nice ones in Vegas and Bellagio has been the best overall. its in the middle of everything & its so pretty,positive
Could not find location. Maybe closed? Or wrong address...,negative
This is an amazing place to dine. I highly recommend.,positive
"Good selection , sushi was ok..\nSoup and Turkey Blt was good.\nMost likely will come back again !\nAtmosphere was fun , clean and no wait",positive
Really enjoy the fresh food served here at Wildflower Bread Company. One of our favorite places to dine at for our Saturday lunch dates.,positive
Awesome set and great special effects. Well worth the dollars.,positive
"Great little dive bar, I live in the neighborhood and love the casual laid back atmosphere. Great patio and they have a a great happy hour 2 times a day. A must try if you like local bars.",positive
Amazing food and service! Friendly staff!,positive
If you like average to less than average food that is far too expensive - this is your place.,negative
I called Moonlight Plumbing today and was very impressed. This wasn't the right company for my job however the technician was honest about their capabilities. I would use them in the future.,positive
Everything about this place is amazing....the food is spot on... Great service... Will be back...great job,positive
Placed an order for pick up. Very tasty pork cutlet. One of the best katsu I have ever had.,positive
Horrible service. Tried to call number and all it does is ring then goes to fax line. Terrible place to go,negative
nothing special.. it was a buffet with decent food.. i remember it being better a few years ago..,negative
"The smoke, can't escape it in Pittsburgh. This bar was a little scary. Not the bartender or its patrons but the bar it's self was scary.",negative
Business has been sold. \n\nKC and his adorable Wife are gone.\n\nNew Sushi Chef prepares food different now.,negative
Great pedicure today,positive
"Great sports atmosphere, creative name, clean and fun. Their dish, Black Friday was a bit confusing though. It is supposed to be a slider, but it is a bit too large to be called a slider.",positive
This is a great neighborhood restaurant.,negative
"Favorite fast food restaurant of all time. The manners and customer service are impeccable, always a \""pleasure\"". Food is always amazing, and yes, it's more costly, but you get what you pay for!",positive
You are better off eating at a Panda Express in the projects. It would be cleaner there. That is all I have to say.,negative
"Awesome hotel to stay at, but HORRIBLEEEE customer service.",negative
Best pizza ever. I love how the guys took care of me they did an awesome job. Had the Carni with Calabrian chiles as the base best tasting pie I've ever had,positive
"The people who work there are great and they make the best coffee there, that's why I keep going back",positive
"Rather pricey. They would do better if their food wasn't just bland. Oh well, it was just ok.",negative
Super helpful on the phone. Gave us directions and looked for the top we were looking for to make sure it was in stock. Even with the big mall scene we were in and out in no time! Thanks ladies!,positive
"This place is pretty gross. It's dirty. The gas station it's attached to need a massive overhaul. The employees are sketchy-looking at best. Have some standards, Arby's.",negative
"Pretty good restaurants and things to do in the hotel, room service sucks, nice looking place.",negative
I consider myself a burger sommelier lol and I must say that this burger is hands down the best burger in Pittsburgh.,positive
"What happened to this place? \n\nService was bad this time, wings were choking-ly dry! 2 months before yesterday the burger was gross but service was good. They used to have better food!",negative
"A chocolate lovers paradise! Everything is chocolate themed (even the walls lol). Awesome staff, got a sample of chocolate syringe (before and after you put it in the ice box).",positive
"THE PLACE for Bloody Marys in Charlotte. You can literally get anything thrown in. I got mine all the way. Incredible, nuff said. Go NOW!",positive
By far the best pizza in AZ! Great wings but if you are looking for 5 star dinning this is not your place but it is great for the family and best of all the pizza is delicious.,positive
Energetic atmosphere and lots of different beers. The music was good too- a nice variety on Saturday night. Karioke on Friday was a blast too.,positive
"Best chinese is Madison by far, but very expensive! You do always get great service though. Yum!",positive
Delicious healthy foods and pressed juices. Always busy during lunch but the wait isn't long.,positive
"This place is perfect if you love soggy pizza, dining with cock-a-roaches, and being overcharged. \n\nIt's mostly my own fault, trying to find food on X-Mas eve, even in Vegas was difficult.",negative
Went again today and actually had to leave without eating or so much as receiving coffee! This place and I just DO NOT AGREE.,negative
"Tiny local place, easy to miss, but don't. Staff is friendly, food is limited but very good. Breakfast/ brunch/ lunch only. The $10 for $16 was a surprise bonus.",positive
Best gelato you can find anywhere and price is reasonable for the size. In the little cup... They pack so much ice cream in there!!! Any other gelato places don't compare. love love love!,positive
I ate here my first night in town. It was good. I ordered the Norwegian burger with fries. They have a full bar. I think a park is being built across the street. over all ok place.,negative
I seem to get the same server by chance and she's my favorite! Great good at a great price! Chocolate covered strawberry milk shake...nuff' said,positive
overall this place gets 3 stars due to the lack of customer service but great ass Filipino food in Vegas !,negative
For the epic win. Great food. Chill server. Awesome music and $3 car bombs! Can't beat it!,positive
"The bread is awesome. Light on the meat, and the veggies weren't the freshest. Will go back only with a coupon as its costly for a sandwich.",positive
"Menu looks appetizing, donburi and katsu sandwich",positive
I will be sure to drive farther next time to avoid going to this store. I love Best Buy but this location is no bueno!,negative
I have been here twice. Found on yelp. Great staff. Never too busy. Perfect waiting room.,positive
"Servers are friendly and organized. I would recommend the beef tripe/tendon, short ribs and for dessert the sweet tofu. Definitely a place to visit when in Vegas with the family.",positive
Service was poor. When I arrived the hostess looked at me like a had 2 horns sticking out of my head. Waiter was missing for 20 minutes. Food was great,negative
Great value and convenient location. \nClean\nHelpful and friendly staff\nQuick check in/out\nNice fitness facility,positive
"Good god, please order the fish tacos. Best I've ever had.",positive
Original owners of Fontanella sold the restaurant about a year ago. Definitely not the same place.,negative
No sign of the awesome manager that was working before. Now two weeks in a row the same drive through lady has screwed up my order.,negative
Island has friendly workers and good food. There is hardly ever a wait. Their uni is delicious. There is also plenty of variety on the menu so that even non sushi eaters can fill their guts.,positive
Great dumplings! Cheap too!,positive
Just got out of this place after a 25 minute wait for two whoppers and a large fry...by far the worst BK I've been too...!!!,negative
"Ordered small deep dish pizza. Quality of ingredients is good. Unhappy with the price, the fact that it is was super doughy and the toppings are completely detached from the pizza itself.",negative
My favorite Phoenix Bar. Great drinks and the staff are wonderful. They take making great drinks and providing a relaxing atmosphere seriously.,positive
Great food prepared to order and generous servings. The burgers are among the best I've ever had. Highly recommended!,positive
Delicious! The tuna cones were the very best! The salmon cakes were also very good. My friend tried the chicken skewer which she says were okay. Service was spot on.,positive
"Not the same as it used to be.... Smaller portions .... Like Drake says, nothing was the same ....",negative
Had to call twice and sit on hold for 10 minutes for them to rudely tell me they don't have the item in stock. I will never visit this location based on that call.,negative
"Good coffee and tea, as well as gluten free cookies. Great place to grab a quick coffee but very hard to find a place to sit! Don't even bother going there to read or write on a rainy Sunday morning..",negative
Yum yum yum!! No complaints! Food was fabulous and served hot and fresh! Service was very awesome!,positive
"This place should be called microwave burger, not modern burger. Stopped by and had a single with cheese. The burger was terrible and so was the service. McDonald's is better than this place.",negative
Great place for brunch. Love the bottomless mimosas.,negative
Great food but the waiter didn't ask us about level of spice for our dishes like he did for the other table. Red curry was awesome although lacking any real spicy punch,positive
Awesome pasta with excellent environment :) chill and relaxing.. Good place to stop by!,positive
Best place in Las Vegas . Great people kinda old school but very nice place specially tj Friday . Well I love Orleans loll love it!;),positive
The staff is much better! The food is served in an appropriate time. I'm glad that I have it another shot.,positive
Big sandwich. Tasted bland. Another one of those famous for being famous places. Come once to try it and then move on,negative
"Good stuff, nice variety to choose from. I think this is more for takeout than for eating in, but definitely a good place to satisfy a fish-and-chips craving. Try the orange crush batter!",positive
The food is awesome!!!! Love the buttermilk chicken and mashed sweet potatoes! One of the best places to eat in Phoenix!,positive
Meatmarket for the 30-something crowd. In all the bad ways.,negative
"Do not go there, terrible food and terrible service.$104 for 4 sandwich and 4 drinks. One of us vomited after we ate. Waiter unprofessional food terrible.",negative
GREAT service! Very clean and chill atmosphere. Sushi was sooooo good! I will be visiting this place again,positive
"This place was horrible! The pizza was so bad I had to spit it out... I also ordered the chopped salad, not only was the salad chopped to nothing, the balsamic dressing was not good.",negative
How does the food taste? I wouldn't know. We waited an hour and a half before walking out. Everyone else on the patio was served but our party of eight. Eight! How did you miss us?,negative
"Most incredible pie if had, and everyone I went with thought so too. I had the banana cream pie and it was totally worth the money.",positive
Food is consistent. They updated which is nice. Not happy that every table is dirty and so is the floor.,negative
Love the Bellagio! Never disappoints.,positive
cheezy nightmare,negative
over priced and barely average food. wouldnt return,negative
Not bad...just average though.,negative
"Food was fresh, good, and FAST! I gave it only 3 stars because there was no whole wheat bread.",negative
The food was awesome & so was the service!!!! It was my 1st time going & my husband & I were very impressed!!! We will be coming back! It was a Great Date Night!!!,positive
I got my haircut by Tamara a couple of weeks ago. We had great conversation and she gave me lots of tips on how to grow out my hair. I'll keep coming back to show her my progress!,positive
Incredible pulled pork 1 block off the Vegas Strip. Bacon potato salad and jalape\u00f1o slaw.,positive
Food and service was good. Having lived on west coast of Florida the key lime pie was ok compared to what I expected. If you want great key lime pie you have to make it to the Grand Lux in Venetian.,negative
I was not please with this little donut shop they are pretty pricey. I got 5 donuts and half\nOf my donuts were not cook all the way they all had a very weird taste to them.,negative
Soggy crust one side burnt crust on the other. Bad flavor.,negative
The Waffles are wonderful and the workers warm and inviting. Great atmosphere as well. This is a Waffle and Coffee House that does it right!,positive
"Love this place, the best house salad and you get a bonus croissant, yummy! I have yet to have something on the menu that wasn't great! And the service is always on point!",positive
Had so much fun here. I really liked that it's not just pinball machines. They have different types of games you can enjoy. Can't wait to go again,positive
Such a great find! Great happy hour. Loved the ceviche and the 3 generation tacos. Plus great service too. Will be back!,positive
"Best massage I've had in a long time. The staff is courteous and helpful. I was treated so well, the bad day I was having seemed like a distant memory when I left. I'll definitely be back!",positive
This is a great place for kids under 12.....for adults it is simply terrible,negative
The menu looked delicious but the taste was just OK. All the iberico stuff tasted well like regular pork. I have had iberico in Spain and the taste of their iberico was out of this world.,negative
"Staff was friendly, but portions were small at there price and they wouldn't give a refil of nan (pita bread) and that's a first.... Lunch buffet is the only way to go. IMHO.",negative
"I do t get this place, coffee is weak, sandwiches are terrible and service is confused and slow. If I want gelato it's great, but seriously better food at Crema down the road.",negative
Everything we ate was AWESOME!!! What a cool place! We will definitely go back !,positive
I like how it's one BIG circle. You can't really get too lost if you just keep moving forward.,negative
there is not much improvement to protect nonsmokers. we were coughing and our eyes turn red. the food buffet was average. all restaurants meals are expensive,negative
Chicken tacos were flavorful and the accompanying beans and rice were very filling. Fun place to hang and have a drink. Staff is very friendly and pleasant.,negative
Mediocre food and awful service. Seriously...spend your $ somewhere else. Customer service isn't on the menu here.,negative
"Eeew. Just eeew! If you want some kind of soup and salad buffet, check out Sweet Tomatoes just across the street.",negative
"This is my go-to grocery store. I love how they are 24/7! Plus, with a Smith's card, I get some good discounts.",positive
I think it's closed! And being replaced by Hot n Juicy! (waving arms like Kermit) YAAAAAAAAAAAAAAY!,negative
Food was fresh and the bread had just came out of the oven.,positive
Chile Roast Beef tacos were excellent! Daughter loved that you could make a ton of different drinks. Suggest going on Taco Tuesday...taco's 1.00 off,positive
"All we ate here was the korean ribs, and the food does not look very fresh but good price for a buffet. I think about $15 per person. Also, there was no dessert.",negative
Staff is nice and friendly. Floor was super sticky and dirty and no tp in men's bathroom. Food was ok put took forever to get more food out.,negative
Don't bother going here. I've been several times and it's always full of over priced junk. Dirty does not equal vintage.,negative
"Food is always good, from small plates to soups to entrees. Service is solid, but not overly attentive. Great location and never too busy. Check it out!",positive
"Wow, their gelato is so good! The ladies there were very helpful and let me sample many of their favors. Bought some macaroons from them too! Highly recommend!",positive
"Great locally owned bakery! Fresh donuts, bagels, pastries, and cupcakes. Consistent quality and selection. \n\nThey'll even custom fill and frost/coat your donut!",positive
Eh. Food is really good for fast food but they leave out items many times. Always check your bag before leaving this place to insure you got everything you ordered.,negative
"The room was nice, HOWEVER, when we looked at the air intake filters. I have never seen ones as bad as theses. No where to post the photos I took.",negative
"typical chain italian restaurant. not bad, not great. the food was decent and the wait staff was timely.",negative
They should call it The Cold Egg. I went there twice last week and all the eggs were cold. The saving grace is that the pancakes are awesome. I cannot remember better pancakes.,negative
A real hole in the wall place but that adds to the charm. BBQ burrito is amazing and the service is always great. There is no better place for Mexican in charlotte,positive
RIP. You will be missed,positive
Closed for renovations.,negative
This is a decent place to get drinks. I've never tried the food so I can't comment on that. The patio is also nice.,negative
Best place (and it was free) to see Pittsburgh!\n\nDefinitely make a trip up here!!,positive
Surprisingly good. Never had a piece of soy with so much flavor. I highly recommend.,positive
Most delicious drippy drunk food ever! 5 stars because well everything taste good inebriated! I have been here twice now both times forgot to take pics :(,positive
Really confusing airport. We were just picking up a buddy adn... well... it was really confusing.\n\nLAX seems more organized than this place.\n\nThat's not good.,negative
"Cheese tasted pretty bad, will probably not go here again :(",negative
"Don't stay there.. Owner is rude, personal effects were stolen from my room and management said .. Go take a hike!!!\nOver $4300 of lost jewelry and would even \nTake talk to me!!!!!",negative
Closed.... obviously put more effort into cashing in a prime real estate than improving the service and food. Sad... very sad indeed.,negative
Pretty classy joint for a decent weekend price. I think we've found a new regular spot for when the wifey and I bang vegas.,positive
Dive gay bar (not typical) but surprisingly it works. People don't have an attitude and you can go 24 hours a day.,positive
Pretty friendly staff at this Subway and the food is served in convenient dine-in baskets. Definitely more appealing than the other stores around this area.,positive
"Wow!...you would think they would want to serve you beer. 20 minutes here, it's dead and we had to fetch our beers.",negative
great and original ambiance with decent soups and good coffee. Although the chai tea lattes are not drinkable and the sandwiches are only good if you like cream cheese.,negative
This place rocks! Delicious food for a great price and a nice atmosphere. Good for date night or a stop while you're bar hoping. Two thumbs up.,positive
Love this Brooklyn Bagel. Super friendly staff consistently. The food is always fantastic!,positive
I had my two younger children attend WLC and they are both soaring through school. Started well ahead of others from a competitive grade school. Thank you to all at WLC.,positive
Burgers were standard. Service was sub-par. I won't go back again. Nothing really great about the experience at all. Burgers weren't that tasty.,negative
Chocolate delicacy would best describe this place. Im a huge fan of chocolate and this place has lots of varieties and selections. Oh temptations!,positive
Still in love. That is all.,positive
Seriously! Best Fish Taco next to Mexico!\nI would give one more star if the service was little better....,positive
"Good food, if you get here in time for Happy Hour.\n\nAny other time it seems terribly over priced.\n\nServers a great, very personable.",positive
The food was amazing! Amazing atmosphere. Gorgeous view of LV. I can't wait to go back.,positive
The raspberry pomegranate was my favorite of the 3 I tried. Clean and friendly atmosphere otherwise.,positive
"Hidden location in a dead strip mall. We came in for dipped cones, which were delicious---as expected. Service was fast and friendly. Would recommend this location.",positive
"The restaurant has a good atmosphere and there were alot to choose from. The prices are reasonable, more on the cheap side, and the food was very delicious.",positive
"Due to BPA concerns, I won't be getting hot sandwiches at Jason's anymore. All hot protein on sandwiches are heated in plastic bags. The club sandwiches are still awesome.",negative
I called and didn't even bother leaving a message after reading the reviews. If you advertise that you are open then you may want to consider answering your phone. You just lost another customer.,negative
I Love this Pita Jungle! The staff is friendly and food amazing. I often get it to go. My family occasionally eats at the restaurant as well. We have never had a negative experience.,positive
The burgers are delicious!,positive
Really awesome and delicious food. Korean chicken bowl!! And under 4.00,positive
"Ordered 3 vodka redbulls, and hand the bartender $50. \""...$54\"" she says. Are you shitting me? this is the type of crap that prevents me from living the high life, lol.",negative
Decent seafood for a hole in the wall. I would not go back there again though.,negative
"Friendly staff , fresh protein , great sauces .. Awesome place for a heavy weekend lunch \nBy the way if you check in you can get your second bowl for 1/ 2 off.",positive
"I enjoyed this hotel. Great gym if your want to workout, room was well done with a super comfortable bed. \n\nI would have given it 4 stars if it didn't have a resort fee. (I just don't care for them)",negative
Only need 1 form of ID for cashing non-member checks. Greeting was weak but overall friendly service for non-members.,negative
Absolutely palatial. The rooms are ginormous. The beds are sooooo comfy. There is a tv in the bathroom! The pool area is fantastic with gardens all around.,positive
Huge portions. Country fried steak and eggs was good nice gravy and crispy fried steak. Service was slow.,negative
Go here for liquor and bloody mary mix not wine. I get my wine from my nephew that is a wine maker in Santa Barbara so suck it you AZ wine people! Like BevMo MO Yo!,negative
Great Pizza & Fries. This is old school and we have been going here since 1997. We take everyone we know to Angie & Jimmie's and they walk away saying the same thing. Great Pizza !,positive
average to below average for a fairmont.,negative
It's a Starbucks. I come here because it's next to my office and I don't have time to go to a place with good coffee. At least it's consistent and quick.,negative
"The $4 burger with 3 by 3 burger is delicious and an amazing. The meat didn't taste like steak, just a normal hamburger. Still satisfies just as much as a rubies or Johnny rockets.",positive
"Bad food, snotty bartender. I put up with it from hot chicks in high school, but I don't like to pay for it. The one in Chandler is way better.",negative
"This review is for that massage area they have at this mall. Very good massage a bit pricey though. 25 minute massage for $45. Neck, shoulder and back. They do get the job done!!",positive
The VIP area for St Paddy's day party was a bust for the price. Limited drinks and very limited food,negative
"loved the swedish fish cocktail - not a huge fan of the fried chicken and waffles.. enjoyed the fried mac and cheese balls... not a priority to go back, wouldn't recommend",negative
I come here every year for my birthday. You can't go wrong with the breakfast menu. The only downside about this place is that it's far from my house.,positive
"Great sushi, really enjoyed it. Very fresh and very reasonable. Highly recommend. Recommended to come during happy hour or it's a little pricey.",positive
Rude receptionist that refused to help me and told me to go online and make the reservation there. Won't be using their facilities.,negative
Not one of the best casinos in Las Vegas. My biggest gripe is that everything closes so early! I could not find a decent place to eat after 11pm. Really?,negative
DELICIOUS AUTHENTIC KOREAN FOOD!!! This restaurant has amazing quality food and service!!! Price is perfect as well.,positive
Best food ever!!! Just need tacos back. I have been eating here since 1982 and have been a loyal customer ever since. Best beans and green chili in town!,positive
Very dated but clean. Fine for a one night stop on road trip. Free coffee in morning & cookies at night. Bathroom tiny!,negative
Great service :) everyone was very nice. We have children and they went the extra mile in helping us .. \nExcellent \nJosh .,positive
I have had the avocado smoothie here twice ... It is very healthy and tastes out of the world. Must try ...,positive
They always have the fewest customers and longest/slowest lines of any of the local grocery stores. Enough said.,negative
Buffet dinner selection is limited. The Chinese section is not edible. BBQ pork tastes like jerky. Only thing descent is the dessert selections. Not worth the money.,negative
"Pizza here is actually really good. The crust is nice and crisp, just like i like it. Refills are not free (soda) and their other menu items are not impressive. Get the pizza!",negative
I've been using PreFlight for all my business trips...I've used others but PreFlight has been the most consistent and reliable. I would highly recommend these guys for off site airport parking.,positive
"Do you know what it feels like to get drunk, go to the mall, see other drunk people there, drink some more (at the mall) and blow a couple of thousand dollars? I do.",positive
Great mini tacos.,positive
"I really love this place, the inside makes you feel right at home. The food is always excellent. They're artichoke dip is sooo good! And they're bread baskets are awesome!",positive
service was just as good as the food!!!,positive
"$3.00 fresh baked Italian loaf, need I say more. The Italian bread is so yummy and makes great bruschetta. They bake their bread fresh daily and do not include any preservative so eat it quick!",positive
"Ate at the Brat Haus today for the first time and had the pepper jack brat and the fried chicken, so delicious! In addition had really great service!\nI will definitely eat there again.",positive
Great service great Thai food especially pineapple fried rice.My son and I comes in at least once a week for lunch special $5.99,positive
This the best buffet I've been to. It's expensive but worth it. Also it's a guaranteed good recommendation for friends.,positive
Hot and fresh!,positive
"Food is average, if not below in quality. Prices are overprices as well. The service is okay. Friendly but not speedy.\n\nCheesecake is delicious, but not worth $5 a slice.",negative
The owner is always so friendly! Good food and service at good prices. Great TV selection where you can watch any kind of sport you could imagine.,positive
"My husband and I went to the Cheesecake Factory for lunch. PROS- no wait, friendly waiter, large menu. CONS- atmosphere was very warehouse/industrial, food was overpriced. We will not be going back.",negative
I think this place is fine. Why others give only 1-2 stars?,positive
Made a reservation online through yelp and got a table immediately when we got there. All three of us got the pick two tacos and they were all great.,positive
"Like just about every other Cracker Barrel. If you want a good southern cooked meal, this is the place to come to",positive
$5 lunch specials and girls in daisy dukes! What more could a man ask for.. Love this place,positive
I had brunch here and it was OK. The portion was a descent size and the taste was fine. I think it was a little salty for me which means for a normal person veryyyy salty.,negative
The wait is not worth the money saved! Do not reserve a car. Get to the airport and look at line before going with them.,negative
Just a run of the mill Subway. Ate there last week and noticed a good size cockroach run under the chip rack.\n\nI don't think I will be back...,negative
"The Superstition Mountains are a great way to get out of the city and enjoy Arizona. Lots of saguaro on ocotillo, with all kinds of trails for all kinds of hikers. A must see when you're in Phoenix!",positive
Limited menu. Trying to be too hipster. Prices are too high for what you get.,negative
Not as great as it used to be but still some of the better Mexican food you'll get in the northwest valley.,negative
Best chicken vegetable bowl of all the places I've tried also great friendly service.,positive
All I have to say is NO. Just don't go. It's awful. A two year old could have done a better job. Tip and money hungry.,negative
Fried green tomatoes is excellent. Family feast from the menu is a must. Service needs some improvements though.,positive
"LGBTQ was the best BLT ever. If you like real coffee you've got to go here. \nThey have great food, coffee, smoothies and lots of other things. Worth a visit. I'll be going back soon.",positive
Best pork burrito I've ever had. Best airport meal ever! Hope to fly through PHX again just to get one!,positive
I have never had a bad meal at the Dish. This place is a hidden Gem. Great Chicken and Dumplings.,positive
It was fine. The food was OK but I've certainly had better and fresher Thai food elsewhere. I would not go back.,negative
Could not stop laughing. Sister and I were literally in tears. Hate the tropicana. It's so dirty and way too bright. But I loved the experience of the laugh factory!,positive
Cheap good meal. The portions are a good size and taste great. The restaurant is kept clean. This was a good find,positive
Best rice I have ever had. Wonderful lunch had the chile relleno burrito and it was large and very tasty.,negative
We had a nice lunch. Friendly helpful staff. Service was good. Food was very nice. Chef is accommodating on changes. Definitely return.,positive
"Expensive, slow, but good food if you don't mind the wait or check.",negative
Really cool and fun experience! Lots of dif choices of healthy delicious food and cookies! The wings are awesome and I love their teas.,positive
The food is good...I have never had anything bad here! \n\nThe service is also good.,positive
"Gotta try the biscuits n gravy, be sure to ask for the jalape\u00f1o biscuits!! They always give you plenty of gravy!! Yummy!!",negative
"The night I was there there were way too many sloppy-fall-down-drunks and the crowd looked \""ridden hard and put away wet\"". \n\nIt was like amateur hour at the Roxbury.",negative
Good for kids? NO! They don't have high chairs...it was a disaster!!!!!,negative
I'm a big fan. Good food at a good price. Great value for what you get. Quality is fantastic. My kids love taco Tuesday .99 cent tacos are the bomb!,positive
Once again a spendid dinner at the Outback Steakhouse. If you want superior service Ask For Scott he is THE MAN,positive
EEk! Methinks not is right! The food here was terrible. It's pretty bad when you walk into a buffet hungry and leave still feeling hungry.,negative
I was at Palais de Congres last week and was disappointed to find that this place has closed. There is currently nothing else in its place.,positive
One word: disgusting. Avoid at all costs.,negative
"Living up to their reputation, this is a mist for steak! The bone-in filet is the cats meow!!! Lobster mac cheese, o yes!Bring your gold card. The 007 table is a neat deal...",positive
Really fucked up service. Rude and unhelpful! NEVER COMING BACK!,negative
Machines were broken so 4 less selections of yogurt.\nStore clerk talked on phone entire time while ringing up customers.\nToppings looked old.,negative
I love hiking all around here. There are tons of trails and plenty of different access points. You can go from all the way from Scottsdale to Sunnyslope.,positive
Favorite Pho joint in town!,positive
My fianc\u00e9 and I love this place for Indian food. Nothing else in town compares! Try the Kashmiri Naan - to die for!,positive
I hope this place is around for a long time to come. The meats are fantastic and the owners friendly. They were closed for awhile but we are so glad that they are back!,positive
Yuck again. Reminded me of BAD high school cafeteria pizza. Aiello's and Mineo's are both better,negative
Its not the best place I would say but for basic pasta and pizza I can deal. I like their salads & raviolli . Sometimes you crave that cheap tasty food.,negative
"The pizza sauce needs a good improvement, sauce to spicy. The subs are ok.",negative
26$ hamburger was great after a night of partying. This one good thing about this place is that it is open to 5am.,negative
Great food. Great service.,positive
Shady place..lost my luggage here..only go at your own risk.,negative
"Couldn't make split pizza, prices way too high. The highest I ever seen on a pizza. $26 for a large is ridiculous. Athens pizza down the road was a lot better and cheaper and tasted better.",negative
Love this place...very intimate atmosphere.,positive
"Three words: jack daniels chocolate swirl. I don't like whiskey and I love this. It's caramel, chocolate and jack all rolled into one. Yum.",positive
Very good for a chain joint. The service is usually hit or miss though and mostly miss. As much as I love Chinese food we usually go to Ah So if given the choice.,negative
CLOSED. \n\nThey recently had their closeout sale and are now closed. :(,negative
I end up craving the Philly cheesesteak with chicken at least once a week. Excellent.,positive
"Food as service can be rated as okay. To me, this place offers nothing special. The food is somewhat bland and the beers are over priced.",negative
Great ideas for pancakes but the pancakes were stale and gross. Don't understand the reviews. I will not be returning.,negative
This place is kinda gross. The guys I came with just wanted to come here for the 99 cent foot long hot dog....so luckily we didn't have to stay long. :P,negative
"This is a very cool place that I had always heard of, but had never visited. Great neighborhood hangout with good food, good service and good atmosphere - the prices were very reasonable as well!",positive
Thought I would try again but once again my sandwich was wrong. Will never come again,negative
love the noodle soups!,positive
Overpriced. Disappointing.,negative
And now the scorpions have arrived. Worst place I've ever lived! More bugs then I've ever seen,negative
Cold food. Had to send my entre back. It has been dumbed down for Joe Restaurant. Tighten it up Bobby.,negative
Sushi is terrible. I am so sick to my stomach. Will never eat there again.\nFish was frozen!,negative
Great tots. Great gluten free bun.,positive
you get what you expect from this sub place.,negative
"Great steaks and sides. Traditional steakhouse, very good service. Worth the trip.",positive
"Excellent location, and lots of fun to try quality tasting wines. Great wall art.",positive
"Nice restaurant inside and out , bad customer service. Expect to hear the workers talk more than prepare the food.",negative
"These guys were incredible. House was absolutely trashed after a party, and within two hours it looked sparkly clean. Would highly recommend their services.",positive
"Best table made guacamole ever. Bit pricy, but the atmosphere and food were top notch. (~90 with 20% tip for 2 people w/ wine and an app).",positive
Always messing something up! No cheese..comes with cheese! Order fries..get no fries! Sugar cookies? Don't even ask after 8pm! Get it together!,negative
"Great food, great service. Quality is always top notch. What you pay is a little more but it is worth it.",positive
"Love Barneys the brand...and their other locations, but this store lacks good people and their customer service is awful.",negative
"The food and service are not good. We've tried 3 different times and it's just bad. It's unfortunate, it would be awesome to have good Mexican in the neighborhood but this isn't it.",negative
Their guava cupcake is so yummy and perfectly cooked & moist. A must stop on all my trips to sin city.,positive
Best SPA ever. I and my wife had the best massages and then enjoyed hours of jacuzzi and sauna time. The place is simply phenomenal.,positive
Awesome space. Bartenders & staff were super nice! Excited to see the venue when I'm not so busy NERDY DANCING...,positive
"Fairly expensive. The food was OK, but could be a lot better. The samosas are baked and covered with yogurt. Not what you'd expect and pricey at $7.99.",negative
"food's alright. satisfies my sushi craving when im lazy. they deliver. chinese food is bleh, okay. not awesome.",negative
"Moscow Mules and the scallops were amazing, while their chopped salad was bigger and just as good as Cowboy Chio's.",positive
Horrible! Service sucked. Had to ask hostess to get a waiter. Messed order up and 3 people got served before 4 order was put in. Worst food ever!,negative
"I've eaten here twice and both times it was a disapointment, I'd be a fool to come back a third time.",negative
Superbowl in AZ! \n\nAnd Giants / A's spring training?!\nI might have to move here from Feb to March!,positive
a dirty li.ttle hole.had a roach crawl on my hand. Joyce the bartender just laughed,negative
The Lamb Chops &Burgers are excellent. great for happy hour,positive
Worst zoo I've ever been too. Way over priced for a filthy facility. Will never waste my money here again. The only nice thing I can say is that all of the staff are very friendly,negative
They finally refunded me the gas charge and I will give them another try this Saturday. Stay tuned...,negative
"Mystery meat and velveeta cheese breakfast burrito, served by employees obese from their own fare, guaranteed to scald your mouth and make you sick.",negative
The food was ok. My friends rave about it I thought it as ok. \nLots of TVs.\nService was forgetful and that's why I'm giving 3 not 4 stars.,negative
Super slow service. Make sure you don't get the ques and get the burros instead. We waited for over 30 mins for the food and they messed up one order. That's a long time for mexican food.,negative
I normally love Dairy Queen but these last 2 time that I've gone there's been long hairs in are bananas split including today I'm not sure If we want to come back.,negative
"Where to start ? The food is bad and overpriced,, I love pizza and will gladly pay extra for great pie butt. Brixx is not the case!",negative
"Not bad, not great. A little over priced. But good quality and portions. Wasn't crazy about my turkey blt but friends had the fig and prosciutto sandwich and loved it.",negative
"Another nice hotel/casino, with great food choices and nice decor.",positive
"ok, love the price, but honestly, i wait in line for sooooooooo long, it makes me feel like im gonna faint. almost not worth the price. .. the wait, they are so slow.\n\nbut good stuff. so 3 stars",negative
Best Canneloni I have ever eaten. It's so good it can get you past the garish decorating.,positive
"Very clean, friendly staff, decent prices. I paid only $22 for a full set of acrylic and they looked great! They also have great spa chairs for pedis inclufing a hot rock massage.",positive
Is this place closed?,negative
Great tacos for cheap !!,positive
"The food tastes good but for $6.10 you'd think they'd give you more than half a spoon of rice and half a spoon of beans. It's just rice and beans, people.",negative
Nice spot for a high quality lunch.,positive
Ticket line fairly quick. Concession had lots of choices prices average for movie theaters. Great seats. Clean and comfortable.,positive
my iPhones were broken and the 2 phones were fixed in about 1 1/2 hours. great service and very pleased with the ease and speed. definitely recommend it!!,positive
"Didn't answer the phone the first time. The second time they answered to tell me they were closed, despite me calling at 1pm which is during their business hours.\n\nI'll spend my money else where.",negative
it is what it is,negative
We went to ShinBay for dinner last night after reading the reviews on Yelp. We were not disappointed! The food and service were excellent. We will return.,positive
Too small and closes too early (2p). Nice vendors when you can get in though,negative
"The mini refrigerator \""Mini bar\"" in the rooms does not keep anything cold. I call the front desk and they say \""it will only keep stuff cold if it is already cold\"". What kind of bull is that!",negative
"Meh, it is fine - the food is inexpensive and quick. I'd go there again, but am not too terribly impressed with either the food or the service.",negative
"Very pretty hotel/casino, nice to hang out here.",positive
Nice place and a good staff. But the food prep falls short. My scallops we're on the overdone side. Kumumotos were a bit skinny. \n\nI'll go back another night. May have just been a tad off.,negative
This post office sucks!!! Long lines only a couple of tellers. Place is in need of a makeover.....just horrible!!!!!!,negative
This Bridge crosses the Monongahela River near Station Square. It's Pittsburgh's oldest bridge.,positive
Worst customer experience ever from these inconsiderate pricks!,negative
Disgusting ass mexican't Burger king! uuhgg so gross!,negative
"Cher pour des hamburgers, mais que c'est bon! M. Personnalit\u00e9 \u00e9tait novateur",positive
"Great service, great price, amazing food!!!",positive
Best service and price! Nice family owned and operated business. Not sure about them at first because the price was too good to be true but they did a great job for a whole lot less $$$,positive
"Nice facility but massage therapist tend to be below excellent at Massage Envys, for every good massage I must endure 4 - 5 well below excellent massages.",negative
Great food - great service. Love the new Asada lunch - my new fav!!,positive
Dansey's is closed. I don't see/know of any forwarding information.,negative
"It is what it is: a small, standing room only rock club. The drinks are overpriced compared to other venues in town.",negative
All the flights are delayed aaaaaaaaaa,negative
I was in town for a business trip and found this nail salon by using my yelp app. Glad I did because I had a terrific pedi and shellac manicure!,positive
The food is amazing and this place deserves a 5/5 but the service sucks so bad I'm giving it a 3/5.,negative
Place vide et la music joue super fort .... meme trop fort pour le rien . Tu te crie ds les oreille toutes la soiree!,negative
I don't think I would ever go in and eat but the take out is good and they honor happy hour pricing on take out which is great!,negative
If you are driving through Florence you must stop in and grab a bite to eat. Large outside patio with smoking and a great view.,positive
My favorite food near asu!,positive
Nice people that work there. Kitchen seemed very clean. Food was pretty good but portion for price paid was way way off. Food did seem a bit oily also. I kinda halfheartedly recommend it.,negative
"Great place for men's haircuts. For the same price as a barbershop, I got a stylist quality haircut from Adam, the owner...a very likable regular guy from Chicago.",positive
"Can you give zero stars, cuz that's all his place deserves. Will not come back.",negative
Way better than Chipotle!,positive
"The food are terrible, and I can find much more better buffet nearby at the same price. Its only worth $10, but they actually charge $30 + tips for dinner. Try to avoid this place.",negative
Terrible! It was the nastiest meal I've ever eaten! All the food there was frozen. The broth smelled off. Avoid this place like the plague.,negative
"Deem light, very romantic.... Food is great, pricy but its Vegas so who cares. \nIt's not a lounge type restaurant \nI tried couple of their dishes- they were all good.",positive
This restaurant is excellent. We had the duck in a can which was wonderful. And the sugar pie is exquisite. Definitely worth a trip.,positive
"Really rude staff/security, bad customer service, outdated, dead, and overall a dump. I won't ever visit this casino again.",negative
This place is really cool. Great food and drinks. The room with the pool table is a pretty cool place to hangout,positive
"I was soooo hoping for better, being from the Bay Area in California.. But it was just \""alright\"".. I'm a huge fan of tomato bisque soup, and it was just so-so.. So was my turkey pesto sandwich..",negative
"Food is pricey but great selection of deli food, sushi and fruit.",negative
"Food is too expensive. NEVER has enough places to sit. They could have ashow that has 30,000 people and i think they put out about 200 chairs. it is ridiculous...",negative
Open real late! delicious sandwiches!,positive
"Very knowledgable and friendly staff, they know their products well. \nTrail runners, dress shoes, clogs, sandals, Vibram five fingers, burks. It's worth a visit.",positive
Had the best time here for monster jam!!\n\nFriendliest staff and a great stadium!!,positive
Must they over salt everything?,negative
Too much expensive and they also sold expired milk to us. I am suggesting to everyone not to go. \nrecently we moved from California as compare to that this shop is double in rates.,negative
Cinnamon Apple Panini's for brunch. Sign me up. Yum doesn't even begin to describe the Sunday brunch at Coca Cafe.,positive
"The staff was friendly and the food tasty but I didn't like being served in plastic, disposable containers while they advertise their dishes with photos of nice wooden bento boxes.",negative
It's like the Cheer's of coffee shops! Great coffee & espresso. The owner knows you by name & staff is friendly & up beat.,positive
"Absolutely love this hotel!! Awesome staff, decor, pool, sky deck!! We will definitely stay there again!",positive
Just ate at this restaurant and all 4 of us disliked our meals. Could not even finish my salad. Save your money and do not eat here. I'd give it less than 1 star if I could.,negative
Overpriced and average food at best.,negative
"I like this place for various reasons: its clean, its location(right on central). I love watching the light rail sitting on the patio. The food is great too.",positive
"just ok, not good not bad,. dont think i'd return.",negative
Food is not that good and way over priced. Fish and Chips $30 for 2 pieces of fish. Fish was runny. Service is horrible.,negative
"The outdoor seating is superb. The waitstaff is always friendly, even if at times inattentive. The drinks are strong and reasonably priced, and the food is delicious.",positive
"Solid.. good food, good service. I've had better thai, but for Charlotte, it's very good.",positive
"Hankering for a saganaki, I ordered a carry out from Greek patio. What I got instead was burnt cheese the had to be cut with a steak knife and tasted like ash. :(",negative
"Lazar is the best. I tried nearly all the barbers in the area. He's quick, consistent, and great at fading a close cut.",positive
"Really best Italian, I'll say above average. \nReally get fooled by yelp. \nSorry I was really looking foward to good pasta.",negative
The food tastes delicious. Karaoke night was extremely fun. Just extremely LOUD. The prices for what you get are a little too much though.,positive
"Took over 20 mins to get a bagel served. Upon arrival, there was barely enough cream cheese for half of the bagel! Too bad as this was my first AND last experience here!",negative
"Delicious pizza! I just enjoyed a slice of pepperoni and Italian sausage with the perfect amount of grease on thin crust. Best part, it cost me less than $3.50. Will frequent for lunch.",positive
it was right downstairs from moon.. it was allright.. mainly tables for gambling.. not much of a dancefloor or a club..\n\n\n\nwould recommend this place to people who want to chill at a nice venue,negative
"It's alright, cute servers , ramen its ok wasn't too crazy about it",negative
"Friendly service and great Belgian waffles , must visit especially if you are Vegan.",positive
OMG!!!! Best place EVER!!! I go there every year for my birthday. I love how many they options that they have. Also the dessert is AMAZING!!!!!,positive
"Many good galleries and studios are located in the Arts Factory. Now also the Bar + Bistro with activities happening every week.\nHighly recommend for art, food and cocktails.",positive
"Food overpriced for being mediocre. Customer service needs a lot of work also. They messed up my order and then tried to charge me a $1 \""re-plate\"" fee. I won't be back.",negative
"The food is good. The service is spotty. If it's packed, I'd go some where else. I recommend coming to this place and ordering a skillet. Food's got flavor.",positive
We had a good ride with some very nice people. Well worth the drive.,positive
"Terrible food, small plates and way to expense, 5 pieces of gnochi for $17.",negative
We are so happy with GVAH!! We just moved here and we're nervous finding a good place to bring our pups. They did by disappoint!! So friendly and the prices cannot be beat!!,positive
"Here goes:\n\nTwo cheeseburgers with \""Secret Sauce\"" and pickles (no mustard or ketchup).\n\nMedium fries\n\nLarge coke.\n\nThat's pure crack in a bag. LOVE IT.",positive
Surprising Good food by a restuarant one would expect to highlight view and little else. Great Veal Chop and Excellent Service.,positive
The wings are good but be prepared to bend over with no lube.... that's 2$ extra. By fast the most overpriced food in all of Arizona,negative
What a great show! I took my daughter for her birthday! We had a great time! We showed up about 30 minutes early and got right in. It was organized perfectly& Britney was amazing!,positive
Always good food and friendly staff. My favorite local for lunch.,positive
"A very expensive PF Changs. The food isn't bad. I love PF Changs, but for this amount of money, it's better spent on one of the many unique restaurants in Vegas",negative
Had my good delivered... Great fast service and the food is delicious ...,positive
No its not $$. Its way more expensive thsn that!! Go somewhere else that's worth your money!!,negative
Decent food if you're looking for something on the cheaper end (especially since everything else is so expensive). They're also open 24 hours so it's a nice option for late night hunger.,positive
"This place is awesome, good service and they have local beer on tap. Go get your Growler today!!! 64oz of heaven. I met the owner and he is the nicest guy ever.",positive
It's an airport with slot machines... Seeing as I don't gamble... It's an airport. that about sums it up.,negative
"Daytime service rocks. Never open after midnight lately, at least put up a sign so Im not sitting in the drive thru for an hour looking lame!",negative
"Bad service! Food was not even mediocre! This placed rocked years ago, yet has gone downhill pretty hard! Really sad!",negative
the food is good. the outside seating is good. the service was bad. it took them for ever for everything. not that we were in a rush but come on get it together.,negative
$20 minimum on delivery. Way too high when considering other delivery options in the area. (In a college town. lol),negative
Food was slow and lukewarm. We had the steak frites and it was cooked poorly and cool to the touch. Restaurant was way too loud. Should advertise this as a bar scene. Not fit for foodies.,negative
Whors Place ever... Really bad Food and the lighting is way too low I can't even see my damn so called food. What are they trying to hide with the bad lighting?,negative
"Not impressed at all. I would go somewhere else. My soup was descent, but the other two meals delivered to our table were so pathetic that we didn't eat them.",negative
They have delicious vegan gluten free options! Incredibly accommodative. Thank you for a great food experience,positive
"The food was good , the service not so good, it was less than desirable. .I'm all about getting good service. .. I will not be returning.",negative
Love getting lunch or dinner. I love the salads and grilled sandwiches here awesome. and the people that work there are super friendly.,positive
"\""doner\""? I think not.",negative
I totally love My Popcorn Kitchen. I have tried about ten of the flavors. Every flavor has been amazing! I will be stopping by for a mini bag of beer cheddar before movie night!,positive
"So good the glaze, cherry cake and the double chocolate is so good. Better then Dunkin donuts and Krispy Kreme is ok only good when fresh and warm .",positive
Nice variety of salsas. I had the shrimp tacos and they were delicious. The place is very small and only had two servers for dinner. They were nice though. I would definitely return.,positive
"I love the Food, wine, and desserts! The ambience is nice too and the chocolate chip cookies with sea salt at the end of your meal as you walk out the door is a nice touch!",positive
"Just got an eye exam at Costco. I was a little hesitant, but they took my insurance. They got me in the same day and ordered my new glasses with no fuss. Very impressed.",positive
"good coffee, friendly staff, good food. they forgot to bring out the bagel I had ordered, but were very apologetic about it. I will go here again.",negative
"Great service, friendly staffs. Thank you all for making me feel elegant on my special day.\nSukanya",positive
Nothing special except that it's filled with all the obnoxious douchebags and foul mouthed drunk sluts from the rehab pool.,negative
"Not impressed. Better Indian to be had, but probably not on this side of town.",negative
Meh. I didn't see what the hoopla is all about. They say there's a pound of lobster in each roll; not sure what measurement scale they're using. It was nothing to write home about.,negative
"With all the night clubs available in Veags....Do NOT come here. Terrible, terrible service. Small venue with very little non-VIP room to dance and just overall very disappointing....NEXT!",negative
Probably the lousiest chicken & service I have had in a while. The hot sauce is straight from the bottle with all heat & no flavor.,negative
"Restaurant is alright. Good steak, ok pasta and nice warm bread with butter to greet you.\nWaitress in flip flops. HOW? Really?",negative
Third trip to the Strip. A decent room with good space. Not quite the view. Back end of Monte Carlo for us on rhw 15th floor. Not a seperate shower. Pros lots of small deli and eateries.,negative
I needed a 10 minute drive from the hospital to a house and after calling 4 times to get told bs responses and waiting over an hour. They referred me to another cab company. Class act company here.,negative
Fabulous experience! Food was perfect and service was even better. Will come again next time we're in town!,positive
FYI - We went to the restaurant today 4/26/11 but they are no longer there. We called the phone number but it's no longer in service.,negative
"In my eternal quest for the awesome San Francisco style super Burrito, I came here. I did not find it.\nThe burrito I had was good-just not what I was looking for.",negative
Food was ok \n\nWaiter forgot my water but the biggest sin was the shut off the baseball game I asked them to put on in the Bottom of the 9th...some sports bar,negative
"Besides the seared foie gras & breathtaking view, the food was mediocre the last few visit.",negative
Definitely over priced for the quality of the food. 4 people almost $200 only ordered a couple of appetizers and 4 curry dishes..,negative
Mr Bigelow PhD is too busy with his extraterrestrial studies to understand that being a slum lord is a bad thing.,negative
"Slow service, ran out of rice....crowded.....Im not sure what the fuss is about. My wife who raved about this place was mad as hell at the service....Never going again",negative
"After ihop shut down on campus, Perkins is an alternative for brunch. I ve never been here for lunch and dinner so far.",negative
damon rules!!!,positive
"Pretty disappointed that they don't give ranch with wings any more. They wanted to charge 60 cents per container...not sure if this is a new or temporary policy... Either way, it sucks",negative
"Last time a visit here. Way too much food, very slow. Staff seemed confused, lost. What a let down.",negative
Meh! I wasn't impressed. It was just decent thai and nothing special. I wouldn't go there again. Is rather eat at Thai house nearby.,negative
"The bbq was moderate, however, the service is horrible. Our server was definitely either having a bad day or Hayes his job. :\\",negative
"Great service, they're pretty fast! It's by far the best ayce sushi place I've been to. Presentation is amazing. 2 words SEAFOOD SALAD!!",positive
Found this place about a month ago and have ordered delivery four times already. Love the pad see ew and sweet & sour pork.,positive
"Average but expensive airport food. Had the pork burrito, it was salty and uninspiring.",negative
Very nice older crowd having fun.If you like singing to a live piano player and singing 1950's song's? You will love this place.Just a little to old of crowd for me.,negative
Newks has a great selection of sandwiches and salads. It is very fresh and the quality is very good. Great place for lunch or dinner.,positive
"Service sucks, food bland, too many waiters around asking if you needed anything. Sometimes too much of a good thing, isn't good.",negative
Great selection of Bbq/smoking needs!,negative
"Sooo tasty, same menu as richardsons. I recommend the garlic plate if you love garlic, and don't have plans to interact with people the next day. ;) otherwise everything I've tried is delicious!",positive
"Food, service, interior, mostly everything about this restaurant was speculator.",positive
Visited this location on 8-22. It was a great way to end a drunken night. And at this location the food was extra hot,positive
"Randy, Mary Beth, and Jonas are STELLAR.",negative
"Nice atmosphere outside, inside was very crowded. The food was missing something and the hot drinks were served cold. Liberty Market is a much better bet for brunch.",negative
Decent Mexican food for decent price. I'd only get it if I'm craving it. Got the carne asada fries. Not really that great. I'd probably only come back for the burrito deals.,negative
"pizza cooked at 800 degrees in 2 minutes. great service, atmosphere. reasonable prices but the flavor of my margarita pizza was just Ok. kind of bland .",negative
Food was not good... and we were hungry ! Deco is outdated. \nService was good. But really the food was tasteless and not appealing .,negative
"Great greens, sweet potatoes, and Mac and cheese. Chicken was flavorful and crispy but unfortunately dry.",negative
Bland and small is not how I ever want to describe mexican food ever again. \nSadly this is why we will be walking past mazama in the future.,negative
They have CLOSED!!!,negative
Went completely down hill after Skyler left!!! Would not go back again.,negative
The food is okay but I think the habit or burger city Grill is better. You're paying for a name.,negative
"It's literally rock-n-roll! I like how it was free before 12 and how it brings you back to the 80s!\n\nThe crowd is not that diverse, though.",negative
Need to update the GameStop website with current times. Said sun was open from 10am to 7pm. In actuality it's closed Sunday way to disappointment me.,negative
"If you are in the mood for half salad bar, half sit-down, this is the restaurant for you! It was clean, the prices were average and the food was OK.",negative
"Been here twice. First time was really good except they had redo my pizza. \n\nSecond time, not so good. Pizza was comparable to Dominos. \n\nI will say the Cadillac Margaritas were kick butt.",negative
Good prices on bulk items and the hot dog and drink for 1.50 cant be beat if you are hungry. The sunday with yogurt is also good,negative
"Great place! Great atmosphere! Yummy drinks and awesome staff. The owner and bartender \""Russell\"" were fantastic . I will definitely go back when I'm back in town",positive
The place is closed.,positive
Don't bother to go to this location. Their notary isn't on premise regularly and it'll be a waste of a trip. Terrible service model.,negative
Ordered pizza. Thought the servers were a little heavy handed with the drink suggestions. It was pricey. Good table bread. A nice quiet meal.,negative
"I didnt like it @ first but i guess i was ina bad mood. tried the Montagu sandwich, really yummy and was fun cause i had company.",positive
1 word fish and chips...ok that's 3 words. The service was awesome and the staff friendly.,positive
The service was top notch. You must try the pork nachos. Dressings are all made in house and are very good.,positive
I agree the bread sticks are the best. The pizza is good for $5.00,negative
very depressing! I guess Hilton dumped it for good reason.,negative
"Pho is terrible. The slight taste of msg, less than at some places but no for me.",negative
Discusting & Dirty!!! If it weren't for my Gson I would have left. I took pictures I hope you can see what's going on here.,negative
Bulwark moving company is the best out there. You will not be disappointed. They are honest and not to mention strong! Try them out now!,positive
"The chicken was dry and while it had flavor, I couldn't swallow it. \n\nNot worth the money. The commercial lied.",negative
Good atmosphere close to everything good food too!,positive
Not impressed with our Togo order. Looked like it was slapped together. The cheese fries looked like they had no cheese on them. Also we did not receive a receipt after paying.,negative
It's Walmart! Decent stuff at cheap prices with interesting people abound.,negative
Excellent Place to kill time!,positive
"Flightline is closed. Hopefully Brigett reopens it with an outdoor patio, air conditioning that is turned on and tables without duct tape.",negative
Worst service ever! brought the burger no fries...didn't care. Sent back the entire meal and no manager. waiter didnt even offer to bring me a new meal. Will go to McDonalds or In n Out next time.,negative
Best Eggs Benedict in town.,positive
Food takes way to long. Decorations okay but not the best. Took 30 minutes to get 1 order of Pad Thai out. Server barely noticed us. All in all service was horrible and I would never come back.,negative
Good food. Enjoyed my collard greens and biscuit the most! Definitely a good place to go if you are looking for comfort food!,positive
Horrible. Raw tortillas and cold food,negative
"good mall for walking.\n\nthere is a costco, movie theater and decent food court",positive
"The drinks are delish, but the food is consistently terrible. I've eaten here 3 times and every time it's been bla, bland or just plain bad. Stick to the margaritas, never get the food.",negative
"Guacamole is awesome, other food is great! Drinks are fun and delicious. Great atmosphere! LOVE this place!",positive
Delicious mall food in a great location!! Always a good choice,positive
"Horrible cocktail service. Bartenders were extremely slow during the Gary Allan concert. It should never take an hour to get one beer. Fix your system, fire your staff, etc",negative
"Great golf carts, nice grounds, medium difficulty, small bar area but nice.",negative
"The burgers are not close to what i would describe as good. The meat was overcooked and it was a round ball of meat, which made it fall apart. \nThe fries where okay and the beer selection was good.",negative
"Love the fruits! Great prices as well! Open 24 hours (if I'm not mistaken).\n\nFyi, during the winter time, it turns to a Christmas tree place",positive
I love Chicago dogs. This one was ok. a bit cold though but flavor was just ok,negative
"Food here was a bit underwhelming and the service was slow. But then again, I had too much wine",negative
"Been coming to Tony for years! Very fun place to hang while your getting your hair done! Good music, good people!",positive
Dropped in fir breakfast twice while we were in Gilbert.The Blueberry Pancakes were to die for.I've never tasted any so good.,positive
Grab a bottle of wine or a couple of craft beers and order a pizza from Pure and you have a perfect lunch date! Quintessentially Charlotte!,positive
"Went for dinner on a Sunday night. Staff was amazing and ultimately we had a great dinner.\n\nAs the name suggests, the steak is what to order. Anything else is at your own risk.",positive
"This place is delicious. I ordered way too much food, and the portions are huge! Low the tikka/garlic naan/cauliflower that was spicy! Also loved the owners, so sweet.",positive
"Very nice and friendly staffs, yummy foods with decent prices.\nI will definitely come back here.",positive
"Food was ok. I ordered the scampi no taste, all I could taste was the oil & the 4 shrimps that came with it. Portions are small.",negative
Haven't ever tried any of their spa services but I think the beauty products are kinda just over-priced crap in pretty bottles. But thats just me....,negative
Fun place. Food is decent. I was here on Super Bowl Sunday and it was packed. I'd consider it again as a place to watch a game.,negative
Yelp page lies. Restaurant is NOT open 24/7. Closes at 1am during the week and 2am on the weekends.,negative
Very friendly prompt very knowledgeable in his work clean very honest handyman. Definitely will call you back when needed.\n\nThank you for your time and Hard work Chris.\nSal,positive
Bad service bad dancers bad customer service. I understand everyone has a preference in girls but pregnant chicks should not be strippers,negative
"Very nice casino. Pays to keep you playing and the attendants are very courteous. Machines keep you smiling and happy, unlike the Paris or Bally's.",positive
Doesn't return calls. Tried in May and in July.,negative
Was a great spot to stop carnitas were great and the taco shells were made there not some store folded thing. Wife liked the enchilada plate too lots of food for the money. we shall go back,positive
This is my breakfast spot in CLT! Love their oatmeal - so tasty. Staff isn't the best - I have seen them get a little to sassy with customers.,negative
"Came in with a friend from CA, he also agreed great food. Also football game was playing so we got a few good deals on good specials and drinks. Nice staff, on point with service!",positive
Service is always solid. Above and beyond. Food has occasionally been a bit salty... Love the fresh squeezed juice from bar for cocktails.,positive
"Overall, good meal, reasonably priced and large selection.",positive
I had a kitchen sink leak and another leak in my yard; Bret and the crew came to my rescue again. I even got a repeat customer discount. This company is trustworthy and does great work.,positive
"The food was good, but nothing extraordinary. The best part was the banana cream pie for dessert. The cocktails were fantastic. I'd come back for drinks and dessert but look elsewhere for dinner.",negative
"I try not to go here unless I can help it. The employees like to point in a direction and tell you that whatever you are looking for is \""over there\"". Sad when I get better help at Wal-mart",negative
Love this place.. 2nd only behind The Palazzo..,positive
I have to agree with Mr. Floyd green chili burrito is fantastic!! Great service ask for marissa she will give you service with a smile :),positive
"The fourth time I have been there for family gatherings and have been there for lunch and dinner. Food is good, as it is a chain restaurant. Service is good. Above average food for a chain.",negative
Over priced. Poor service. Small portions. Smells are deceiving.,negative
"Good Italian joint right in the neighborhood. I understand they make the pasta for Spago, so come here and eat the same thing only cheaper.",positive
a great place for late night snacks... love the carnasda burrito... like mexican food... is soo good.. it hits the spot..!!,positive
Best smelling Hotel/Casino on the strip.,positive
Fav place in Charlotte--and that sweet potato ravioli... no joke changed my life. \n\nBest flavor for your buck in the city by far!,positive
"The food was well-made and I do enjoy a great spicy kick, but the curry may have overpowered the dish. I may have to give it another shot but perhaps Laotian food is just not for me.",negative
NOT VERY IMAGINATIVE but the people are very nice and if you like to gamble its the right place,positive
"Oy vey! Stay away, there's nothing here to see. Kmart, Phantom of the attic and a lottery place. This mall is dead! Deader than dead, dead dead!",negative
Been here twice. The people look a bit overworked but the two people that have helped me were polite. \n\nLooks like they might need a little help. Just something I sense.\n\nNo complaints.,positive
if you like the taste of corn syrup & garbage then this is your place to eat fudge...\n\nthe company is a complete JOKE..!\n\nYIKES..,negative
Slowest McDonald's I have ever been too. Nice staff but slow. Literally sat in line in drive through 10-15 mins at the window on three separate occasions. If you go inside it's worse.,negative
"Dr Pinkert is awesome ! He is one of the best Vision Drs in the Valley , plus he is cool as .... I CAN SEE CLEARLY NOW !",positive
"I'm not much of a fish n chips kinda girl, but I would definitely come back to this place. Try the haddock, it's amazing!",positive
"Great cold subs, but I will take Penn station over this any day!",positive
"Fast service, but not very friendly. Soup was super greasy, peanut sauce was terrible, not authentic. I love pho and have tried many locations spring valley has much better options!",negative
"A great experience,definately worth going its very interesting, interactive. Everyone should go at least once its worth the trip!!!!!!!",positive
Pancakes are huge! They were right. But I ordered the classic Benedict which satisfied me. Couldn't help staring at the food across from me. This place has my attention.,positive
"Great place to have drinks and delicious plates. Kind of loud at times, therefore, I won't recommend it for a first date. Service is excellent and reasonable prices.",negative
Over priced and under portioned!!!! and it all crap!!!,negative
Terrible customer service. I called to make inquiries and the person I talked to was so rude that I decided not to stay here.,negative
"I think this place closed. There's a notice on the door that says \""Notice of Bankruptcy Chapter 7\""",negative
"Good wine, great sushi, and the I-Hate-Sushi menu is actually too notch as well. Can't be beat for QC.",positive
Blue 32 was okay. The food was okay. The decor is your typical sports bar.,negative
"Nice remodel and pedicure was ok, but still searching for my go-to spot.",negative
Large won ton saimen $8. Huge portions and good price. Had other dishes. All good.,positive
The doughnuts were dry. They weren't superior to any other doughnut shop. \n\nApple fritter was good but left a coating of fat on my tongue.,negative
"Courteous staff and an owner who \""loves\"" food. Food that is both delicious and nutritious",positive
Went there today and very disappointed. Used to be real authentic but now tastes and looks like pre manufactured food. Garden Cafe near by is the new place! Authentic! I,negative
My family has been using Preventive Pest Control for years. The guy that services our home is reliable. He's there every other week as promised and the guy Is really nice.,positive
"Surprisingly enough, this Starbucks didn't know how to make a red-eye Americano. I had to tell them the recipe. Goodness, what is this world coming to?",negative
The reason why is because when I tasted the food it tasted like garbage. I tried the honey cashew chicken no taste just flan,negative
"REALLY GREAT!!!! Everything was awesome. The only issue I have is that there is a long wait to get food, but that should tell you something.",positive
"Ladies great place for tools for your crafting projects, not to mention the ladies room is cleaner than I expected (that's important to us ladies). Good prices too.",positive
Excellent service and the food was wonderful. Want to go back now! Recommended!,positive
Excellent wine list! Great decor. Food was great. I was with a party of 8 and everyone enjoyed their choices. Mushroom risotto was cheesy and delicious! Recommended!,positive
I give five stars because of excellent service. Nice pizzas and sandwiches and above all fantastic service,positive
This place is HUGE! You have to shuttle to your Gate. Security lines are long. SECURITY is intense here! Body scanners?! WOW!\nIt's an awesome airport though!,positive
Worst chinese I have ever had egg foo yung was just an omelete and the taste was disgusting never ever go back there again,negative
"This place is amazing. Everything about it, the food, the people and the margaritas! Can't recommend it enough, do yourself a favor.",positive
"perfect. same as here in LA... good, clean, well-priced, friendly & knowledgeable staff. no complaints.",positive
On hold!!,negative
Great gaming lounge! Visiting from out of town and missed my xbone. Felt like my basement. I'll be back!,positive
never mind..\njust shovel it in arizona. you'll never know the difference.,negative
pretty good salon. never had a bad experience there and the stylists are always very friendly. also a great location close to my home. cant ask for much more than that!,positive
I found a DEAD fly in my salad coated in dressing. The server didn't charge me at least but oh my goodness. I will Not be returning,negative
"Ug, never had been, never will go again. It's a sad thing when Taco Bell is better than something.",negative
"Food was ok, I had loss n bagel. Son had pancakes, they were ok. Averaged $11 a head. WORST service ever, really unbelievable. Never eat there again,",negative
"Crust was dry, sauce was bland, wings were burned. Not NY style as advertised. Delivery was fast, that is the only compliment I have. \nI won't be ordering from there again.",negative
"So happy this location is here!! I love coming in on Sundays and getting their lox and bagel. Great tasting coffee, too!",negative
Best pho in Vegas!,positive
Bar actually seems like a fun atmosphere but not does it smell like a dirty mop. So gross!!! Beer selection isn't very big but margaritas look good. Get rid of the smell and its easily 4 star.,negative
"Great food. I'm a vegetarian, and although there weren't as many selections as there were for my meat-eating friends, what they had was awesome. The crispy tofu with ginger sauce was amazing.",positive
"Nice restaurant in Leith, lovely food and if you are lucky enough with the weather, a beaut to have your food on their veranda and watch boy boat racers!",negative
"I enjoyed every bit of it! Right as you walk into the door, you can just feel that it's a very good show from start to finish. I loved everyone's costumes, and I loved how everyone was so talented!",positive
"I've used plenty of car services all over the country and Ridesmart is the best. Courteous, timely, nice vehicles, at a great price. Won't use anyone else in the Phoenix area.",positive
"Very good burgers, make sure u sit on the patio. The view of the pool is awesome! High quality beef in the burger & the mushroom burger is really good as well.",positive
Really good brisket...good pork.. all around one of the better BBQ places in the valley,positive
Friendly staff and great price on mini pitchers but very smokey inside.\n\nAttached to a laundry mat with a decent size bar and a liquor store as well.\n\nSo-so,negative
One of the best options for Dim Sum in Vegas.,positive
Yum! My office orders from here often for lunch. Their fried rice is my favorite and the Satay is good as well. I'm not a huge fan of their Pad Thai...I've had better.,positive
Consistently good food and service..\n\nGood food and service.,positive
"My fave place to get a quick mani-pedi. Can get busy and the wait gets a little long, but they are great about making and keeping appts.",negative
"Don't go here if you want quick service, an attentive waitstaff, a \""special\"" request like rice noodles instead of rice, or good food. Perfect for college kids.",negative
"Very good prices, and staff is friendly, donuts are good but not amazing. I still think Krispy Kreme's fresh glazed donuts are better.",negative
Ruined a poster I sent in to laminate on a display. Tried to slip it by me. They did not even offer any remuneration for their poor service. I would not use their printing and services aain.,negative
The food and service was outstanding. The soup and lo mien delicious. Thai spicy shrimp as well.,positive
"It's a drug store, they have great selection and a friendly staff.\n\nI don't really have much more I can say in this review, they're close to my house, and their prices are fair.",negative
Not impressed! Boring! I wanna support the owner but I was really let down and bored! Have not considered trying again cause I was so bored!,negative
They are closed?! :(,negative
Overpriced!! Rude and don't have discounted refills on iced tea...WTF??,negative
The steak there is not amazing for what you pay... I just feel there are better alternatives after being there a fee times.,negative
"Ehhhh.\n\nThey painted the bar surface (never a good move), cheapened offerings, raised prices. Food is so so, service hit or miss. Patio is nice, but you likely have better choices.",negative
"Good food, good service. Nice place.",negative
What a great little dive casino. Filled with locals and has good drink prices.,positive
Great men's pedicure! New massage chairs and great tlc on my feet.,positive
"Great Service, awesome employees who always seem to remember you, clean & cozy.",positive
I absolutely love this place! Heather the owner is a gem! The food is consistently good! I recommend her spaghetti. She knows how to throw down!,positive
"There are a lot of Chinese restaurants around here. Unfortunately they all kind of taste the same. The food here was good, but nothing stood out as extraordinary.",negative
"Weirdest veggie burger ever, also frozen fries for $5 yuck! To top it off $7 for a Bass that's more expensive than Boston!! \n\nSkip this place!",negative
Ugh went back there today and the fries are really cold and soggy again !!! \nLemonade tastes kinda soapy too.,negative
Reserved a non-smoking room and they could not accommodate when I checked in. I will never come back.,negative
This is by far my long-standing favorite for food at the Memorial Library carts.,positive
"For a new Chinese restaurant, I expected better. Their flavors were off. I don't understand how a new restaurant could start off this poorly.\n\nIt's hard to find good Chinese in this area.",negative
Sumits yoga is addicting. You feel so great after these hour and 15 minute classes. My favorite teacher is Jordan--he rocks.,positive
Good Pho Tai! The staff is very nice and would happy answers questions to help the novice.,positive
Really did not like it here at all. Food was not particularly great either. I ordered a Ruben sandwich it had a weird aftertaste. I will not visit this place again.,negative
great name,positive
Im actually at about a 3.5 on this place only because it wasn't memorable food...everything was good but not great,positive
Great place to eat. I'm Greek nice quite the same as yia yia's food but still great,positive
Great coffee because it it peets.,positive
"Conveniently located near the airport. Nice lobby...free internet, coffee & prints, friendly staff ...5 stars to Chandler...offered a shuttle ride to downtown Tempe and prompt pick up too.",positive
"Great place to hang out and watch a game or UFC fight. Cozy, relaxing ambiance...nice place to be able to have a conversation with friends. Great sliders!",positive
My first visit here was a great! The second was so-so. This time we had to eat on the back patio. There were like a lot of flies were buzzing around the food. Also seemed a little dated.,negative
"only been to the one at the M hotel, but it is top notch, great food great service",positive
Good food but always crowded....guess that means it's good!,positive
"J's has had an exterior remodeling, the stores look brand new! It is time to get some alterations done, I am off to J's in Scottsdale!",positive
Phenomenal tacos. Cheap. Stopped in on the way to good Sam and ordered the 5 taco plate for $5.49. Carne asada. Street tacos the way they should be. Amazing!,positive
Quality ingredients and good flavor. Its decent takeout.,negative
Arrived for a late snack/drinks (10:30pm) with a small party. Got seated outside and had pretty spotty service. No servers or any help around for 30 mins at a time.,negative
"Can I really expect too much if it's a free show? Of course because I AM IN VEGAS!!! However, this is a pretty bad one considering I walked all the way out here to see this. Oh well...",negative
Spaghetti sauce tasted like chef boyardee and $18 for 5 ravioli. Then we went for an actual dinner afterward.,negative
Shattered my iPhone 5 screen today and the LCD screen went out. Called and asked him if it was repairable. He said of course. Came in and had it fixed in 4 minutes! He is awesome!!,positive
"The music is great here and the atmosphere is pretty cool, too. However Blue Moon by the bottle is $4.25. pretty pricey if you ask me. Very casual dress, but I'll be back if I'm in town.",negative
"A gift shop in the bar? I am not the too cool for school type but really? Cheesy atmosphere, chain, bad service and gift shop. Sorry in this case 4 strikes you are out.",negative
Good destination for pizza. Would frequently go there for a slice at lunch when I worked in the area. Nice New York style pizza with a crisp crust.,negative
"Great donuts, great service and fast drive though service.",positive
"Pretty good pizza for Vegas generally speaking. It's a bit hard to find stashed in the corner of the casino, but good for a quick bite.",negative
Real good pizza nothing bad to say about except that I don't have one near home. Great crust love the wood oven fired cooking nice guy behind the counter. Good value for the money. I will be back.,positive
MhhHhhhh they have a sushi roll called OH MAH GOD! and LITERALLY your like OMG!!!,positive
Burgers were good. It's Vegas so the price isn't cheap. I would eat here again. I was shocked it was that good. Service was good. It cost about $10 less the BurGR. My burger was perfect. wasnt burnt.,positive
"Good food but service is lacking. Self service, sort of. No trash cans, no easy refills. Food is well worth the experience, though.",negative
I loved the pollo and carnitas tacos!,positive
"I thought food was good. I particularly liked being able to sit outside. Lots of seating. Just a bit loud on the night I was there but, despite the crowd, service was fast enough.",positive
Nice place to grab a bite before your flight.,negative
They never answered their phone.\nMaybe they're out of business?,negative
Their chocolate mint and strawberry flavors are my favorites!\n\nBring a camera--this place has plenty of photo ops!,positive
"The food tastes good. A little over priced but I won't be coming here anymore. Waited 45 minutes for two entrees to go and nobody else was in the restaurant, For the entire time.",negative
Best carwash place in Vegas. Spent 1 hour perfecting my car for only $27... So I tipped em $10 :-)),positive
"Seriously, we wait an hour for delivery the pizza was cold zucchini is cold and then the owner says we should package our food return it. Work on your customer service.",negative
A beautiful hotel. It lobby is serene and provides immediate relief when you first walk in to check in after a long drive or flight to Vegas. It has a free tram connecting to Treasure Island.,positive
"Ok beer, but food is worth the trip here. Just had wings with dry rub... Wow! Enjoy!",positive
There's always a wait on weekends but you expect that at such a simple but great place. The bruschetta boards are amazing!!!! Salads are also really good.,positive
"I travel alot and have to try and watch what I eat...so this place...who knew? Has calorie counts, will custom make what you want...and is pretty good on the wallet.",positive
The younger doc was helpful and thorough but that is the only positive thing I can say.,negative
"Visiting from the US we were glad t o find this place!\nIdeal to relax, nice ambience! staff young and friendly... \nlove the late hours...",positive
"Not sure, I would really count this as a review, but more of a simple FYI. If your thinking of heading here don't. This place has closed. :(",negative
This is my 4th auto lease with Global Exotic Car Rentals They have consistently beat all other prices and absolutely go out of their way to make you happy.,positive
Best Strawberry Vodka Lemonade.,positive
"I got a chicken pita with fries, and the food was so bland, even with the sauce. The fries also had no salt or anything on them, and the only flavor was the ketchup. Bland food, disappointing lunch.",negative
"Love, love this new place. These women know their stuff! You will not be disappointed! Very very clean, great nail colors, nice people!",positive
"Fantastic food, service and location. What else could you want?",positive
the $5 express car wash is a good deal,negative
Moderate food and service. Highly over-priced.,negative
Seafood Tower!,positive
This place is the real deal. I tried a local Greek chain. My big fat and Z's smokes them all. Try it and see what good fresh Greek is all about.,positive
This company makes frequent calls to Phoenix phone numbers on the National Do Not Call list using their autodialer software. They claim ignorance of all privacy laws. Do not do business with them.,negative
google the red and black color scheme. and google the right hand salute they do as they sing. this is very odd indeed. i thought this concept was done back in 1945.,negative
Awesome food!! My one and only spot for BBQ!! I am basically addicted! Our waitress Chelsea was awesome! Very curious and charming! Ask for her when you come!,positive
The male nail techs watch TV while giving you a pedicure. They also chat it up the whole time. A little respect please! Sheesh!!!!,negative
Sweet BBQ pork burrito is delicious! Do I need to say more...?,positive
I hate to be so unkind but this food was barely even edible. Yuck. I'm not sure if this was just an off day for them or if folks giving it four stars have never had authentic Greek food.,negative
The price is very high but the quality of the food is deeply unsatisfying.we ordered Yangzhou fried rice and their special fried rice. They tasted the same. Disappointed.,negative
Good dim sum. Average selection with everything u would expect but nothing g to really set it a part either.,positive
"Small and not much going on. After serving the guy working sits down at his laptop in the corner, chilling. Blah as expected.",negative
"I eat at Thai 1st about once a week. The food is always fresh and delicious. Service is friendly, and the kitchen is super fast! I've tried quite a few menu items. I've never had a bad experience.",positive
You are a prominent bar in downtown Champaign. Why are you serving lousy chips out of a bag and bad salsa out of a jar?,negative
Excellent food. Great prices. The only place on the west coast with properly prepared bagels. Friendly and polite staff.,positive
Went last night - what a great vibe! Beautiful views over the water - excellent service - fantastic meal - will definitely go again!,positive
I was warned by a nice lady of the following: dont walk down freemont with an open container. Its a big ass ticket. Be warned my fellow man.,negative
"First, this is my favorites Sub Factory location. It's the only one with the seafood sub. As a whole I'm not a huge fan of the chain, the food is low quality, bland, and unoriginal.",negative
This place is not what it seems. The food wasn't the best and some what pricey. The 'style' of the food is different from what you would think it would be.,negative
I can back up Kendra's statement about the menus as well. We had to wait ten minutes for a menu because there were non available.,negative
"The pizza is OK. I figured I'm already here, who wants to drive somewhere else to get something to eat. The sauce was ok, and the ingredients were flat. Nothing really spectacular about this.",negative
Bad bland food looks like it can out of a can from Sysco restaurant supply,negative
"Best tacos in Phoenix! No other taco place in Phoenix comes even close to the great tacos they serve here. The wait is long but well worth it. If you want the best tacos, then this is the spot.",positive
My first and last visit. Beer selection marginal. Shepard's pie was obviously frozen and microwaved. Center was cold and greasy,negative
"Food was ok; atmosphere was miserable. We felt rushed, our order was wrong, our server was rude. All around just could have had a better experience.",negative
